UTC time, Altitude (m MSL), Altitude (m AGL), Pressure (Pascal), Speed (m/s), Heading (degrees), Temperature (C), Relative humidity (%), Internal temperature (C), Latitude, Longitude, Rise speed (m/s)
21:46:19, 337, 4, 96852, 5.35, 33.90, 19.91, 43.45,  , -38.231380, -72.359952, 0.2
21:46:20, 338, 5, 96833, 4.15, 37.40, 19.91, 43.50,  ,  ,  , 0.3
21:46:21, 340, 7, 96814, 3.05, 27.90, 19.88, 43.60,  ,  ,  , 0.2
21:46:22, 342, 9, 96796, 7.90, 34.60, 19.82, 43.65,  , -38.231288, -72.359853, 0.1
21:46:23, 343, 10, 96784, 4.30, 39.60, 19.83, 43.65,  ,  ,  , 0
21:46:24, 344, 11, 96773, 7.50, 16.90, 19.78, 43.65,  ,  ,  , 0
21:46:25, 345, 12, 96762, 6.55, 34.70, 19.74, 43.70,  , -38.231137, -72.359753, 0.1
21:46:26, 346, 13, 96742, 3.90, 48.80, 19.72, 43.75,  ,  ,  , 0.2
21:46:27, 348, 15, 96723, 7.35, 46.30, 19.65, 43.85,  ,  ,  , 0.5
21:46:28, 350, 17, 96704, 4.90, 54.80, 19.64, 43.90,  , -38.231027, -72.359613, 0.8
21:46:29, 353, 20, 96666, 3.80, 60.60, 19.63, 43.95,  ,  ,  , 1.3
21:46:30, 356, 23, 96630, 3.25, 29.60, 19.62, 44.05,  ,  ,  , 1.6
21:46:31, 360, 27, 96594, 3.15, 63.90, 19.60, 44.05,  , -38.230965, -72.359517, 1.9
21:46:32, 362, 29, 96566, 6.60, 55.00, 19.54, 44.15,  ,  ,  , 2.0
21:46:33, 365, 32, 96539, 4.55, 77.90, 19.50, 44.20,  ,  ,  , 2.0
21:46:34, 367, 34, 96512, 5.65, 74.00, 19.46, 44.25,  , -38.230910, -72.359358, 2.1
21:46:35, 370, 37, 96476, 6.30, 47.40, 19.44, 44.30,  ,  ,  , 2.3
21:46:36, 373, 40, 96442, 6.30, 47.40, 19.43, 44.30,  ,  ,  , 2.5
21:46:37, 376, 43, 96408, 7.10, 41.90, 19.38, 44.35, 32.75, -38.230797, -72.359193, 2.6
21:46:38, 380, 47, 96366, 9.20, 49.60, 19.31, 44.45,  ,  ,  , 2.8
21:46:39, 384, 51, 96323, 8.95, 52.00, 19.31, 44.45,  ,  ,  , 3.0
21:46:40, 388, 55, 96280, 9.30, 40.30, 19.29, 44.50,  , -38.230638, -72.358967, 3.2
21:46:41, 391, 58, 96246, 9.15, 44.70, 19.21, 44.50,  ,  ,  , 3.1
21:46:42, 394, 61, 96214, 9.40, 54.00, 19.12, 44.50,  ,  ,  , 3.1
21:46:43, 397, 64, 96182, 10.20, 41.60, 19.07, 44.55,  , -38.230465, -72.358732, 3.1
21:46:44, 399, 66, 96153,  ,  , 19.06, 44.60,  ,  ,  , 3.1
21:46:45, 402, 69, 96124,  ,  , 18.96, 44.70,  ,  ,  , 3.1
21:46:46, 404, 71, 96096,  ,  , 18.92, 44.75,  ,  ,  , 3.1
21:46:47, 406, 73, 96072, 10.20, 45.90, 18.85, 44.85,  ,  ,  , 3.0
21:46:48, 409, 76, 96047, 9.25, 52.20, 18.78, 44.90,  ,  ,  , 3.0
21:46:49, 411, 78, 96022, 10.30, 51.80, 18.84, 45.05,  , -38.230123, -72.358225, 2.9
21:46:51, 416, 83, 95965, 9.95, 55.00, 18.76, 45.20,  ,  ,  , 2.7
21:46:52, 418, 85, 95938, 10.55, 46.70, 18.75, 45.25,  , -38.229948, -72.357965, 2.6
21:46:53, 421, 88, 95909, 10.25, 58.30, 18.76, 45.35,  ,  ,  , 2.6
21:46:54, 424, 91, 95881, 11.05, 44.50, 18.81, 45.35,  ,  ,  , 2.5
21:46:55, 426, 93, 95854, 10.20, 45.40, 18.74, 45.40,  , -38.229768, -72.357688, 2.5
21:46:56, 428, 95, 95833, 11.35, 53.70, 18.66, 45.40,  ,  ,  , 2.4
21:46:57, 430, 97, 95811, 9.95, 49.80, 18.59, 45.50,  ,  ,  , 2.4
21:46:58, 432, 99, 95790, 9.95, 55.80, 18.57, 45.55,  , -38.229593, -72.357408, 2.3
21:47:00, 436, 103, 95748, 10.60, 46.70, 18.54, 45.65,  ,  ,  , 2.2
21:47:01, 437, 104, 95728, 9.15, 59.60, 18.48, 45.70,  , -38.229432, -72.357137, 2.2
21:47:02, 440, 107, 95698, 9.20, 48.40, 18.44, 45.75,  ,  ,  , 2.2
21:47:03, 443, 110, 95667, 8.65, 54.60, 18.38, 45.80,  ,  ,  , 2.2
21:47:04, 446, 113, 95636, 9.60, 56.20, 18.33, 45.90, 32.25, -38.229285, -72.356885, 2.3
21:47:06, 452, 119, 95568, 9.50, 57.20, 18.24, 46.10,  ,  ,  , 2.3
21:47:07, 455, 122, 95536, 9.90, 46.70, 18.22, 46.20,  , -38.229140, -72.356625, 2.4
21:47:08, 458, 125, 95502, 8.90, 55.80, 18.16, 46.25,  ,  ,  , 2.5
21:47:09, 461, 128, 95466, 9.85, 50.60, 18.10, 46.30,  ,  ,  , 2.6
21:47:10, 464, 131, 95430, 8.55, 51.70, 18.03, 46.45,  , -38.228985, -72.356375, 2.7
21:47:11, 467, 134, 95397, 10.15, 55.50, 18.13, 46.50,  ,  ,  , 2.7
21:47:12, 470, 137, 95366, 10.15, 42.00, 18.12, 46.60,  ,  ,  , 2.7
21:47:13, 473, 140, 95336, 8.50, 57.30, 18.13, 46.65,  , -38.228822, -72.356123, 2.9
21:47:14, 475, 142, 95312, 9.90, 48.70, 18.10, 46.70,  ,  ,  , 2.9
21:47:15, 477, 144, 95287, 9.05, 48.80, 18.03, 46.70,  ,  ,  , 2.9
21:47:16, 479, 146, 95262, 9.35, 64.50, 18.03, 46.75,  , -38.228675, -72.355872, 2.8
21:47:17, 482, 149, 95236, 8.25, 49.00, 18.03, 46.80,  ,  ,  , 2.8
21:47:18, 484, 151, 95212, 8.45, 55.30, 18.03, 46.80,  ,  ,  , 2.7
21:47:19, 486, 153, 95188, 9.45, 55.70, 18.03, 46.85,  , -38.228543, -72.355625, 2.6
21:47:21, 491, 158, 95130, 9.45, 58.80, 18.02, 46.90,  ,  ,  , 2.5
21:47:22, 494, 161, 95102, 7.25, 53.60, 18.00, 46.90,  , -38.228415, -72.355388, 2.5
21:47:23, 496, 163, 95079, 8.75, 47.40, 17.97, 46.95,  ,  ,  , 2.4
21:47:24, 498, 165, 95057, 9.45, 47.30, 17.90, 47.00,  ,  ,  , 2.4
21:47:25, 500, 167, 95036, 7.45, 44.10, 17.88, 47.05,  , -38.228267, -72.355178, 2.3
21:47:26, 501, 168, 95018, 7.90, 51.50, 17.83, 47.10,  ,  ,  , 2.2
21:47:27, 503, 170, 95001, 9.00, 42.80, 17.81, 47.15,  ,  ,  , 2.1
21:47:28, 504, 171, 94984, 6.60, 47.90, 17.76, 47.20,  , -38.228118, -72.354982, 2.1
21:47:29, 507, 174, 94960, 8.75, 48.10, 17.74, 47.25,  ,  ,  , 2.1
21:47:30, 509, 176, 94936, 8.05, 40.40, 17.72, 47.35,  ,  ,  , 2.1
21:47:31, 511, 178, 94912, 8.35, 54.40, 17.73, 47.40, 31.75, -38.227967, -72.354778, 2.1
21:47:33, 516, 183, 94859, 8.80, 47.10, 17.67, 47.50,  ,  ,  , 2.0
21:47:34, 518, 185, 94834, 9.15, 39.60, 17.64, 47.55,  , -38.227802, -72.354577, 2.0
21:47:36, 523, 190, 94783, 7.60, 36.60, 17.70, 47.65,  ,  ,  , 2.1
21:47:37, 525, 192, 94758, 8.10, 34.50, 17.67, 47.65,  , -38.227635, -72.354403, 2.1
21:47:39, 530, 197, 94698, 7.40, 31.80, 17.67, 47.65,  ,  ,  , 2.2
21:47:40, 533, 200, 94668, 8.25, 43.80, 17.65, 47.70,  , -38.227475, -72.354228, 2.3
21:47:42, 538, 205, 94609, 7.90, 40.00, 17.60, 47.75,  ,  ,  , 2.5
21:47:43, 541, 208, 94580, 8.70, 48.30, 17.61, 47.80,  , -38.227315, -72.354037, 2.5
21:47:45, 545, 212, 94532, 8.50, 53.10, 17.59, 47.85,  ,  ,  , 2.5
21:47:46, 548, 215, 94508, 8.20, 42.20, 17.56, 47.85,  , -38.227153, -72.353833, 2.5
21:47:48, 553, 220, 94448, 7.35, 47.90, 17.56, 47.90,  ,  ,  , 2.5
21:47:49, 556, 223, 94418, 9.25, 38.30, 17.53, 47.90,  , -38.226988, -72.353635, 2.6
21:47:52, 563, 230, 94340, 9.50, 40.50, 17.45, 48.00,  , -38.226800, -72.353420, 2.5
21:47:53, 566, 233, 94310, 8.70, 47.00, 17.38, 47.95,  ,  ,  , 2.5
21:47:54, 568, 235, 94280, 8.85, 42.10, 17.32, 48.05,  ,  ,  , 2.5
21:47:55, 571, 238, 94250, 8.80, 41.80, 17.30, 48.10,  , -38.226625, -72.353212, 2.5
21:47:57, 573, 240, 94227, 8.90, 34.20, 17.30, 48.15,  ,  ,  , 2.4
21:47:58, 575, 242, 94206, 9.75, 34.80, 17.28, 48.20,  ,  ,  , 2.4
21:47:59, 577, 244, 94186, 8.75, 39.10, 17.25, 48.25, 31.50, -38.226430, -72.353027, 2.4
21:47:59, 580, 247, 94152, 9.60, 35.70, 17.26, 48.30,  ,  ,  , 2.5
21:48:00, 583, 250, 94115, 9.75, 27.70, 17.23, 48.35,  ,  ,  , 2.5
21:48:01, 587, 254, 94078, 9.50, 29.90, 17.21, 48.40,  , -38.226215, -72.352853, 2.6
21:48:02, 589, 256, 94047, 9.20, 26.80, 17.18, 48.45,  ,  ,  , 2.6
21:48:03, 592, 259, 94017, 7.55, 31.20, 17.13, 48.50,  ,  ,  , 2.6
21:48:04, 595, 262, 93988, 8.70, 30.80, 17.15, 48.55,  , -38.226013, -72.352712, 2.6
21:48:06, 600, 267, 93933, 9.15, 38.10, 17.08, 48.60,  ,  ,  , 2.6
21:48:07, 602, 269, 93906, 8.10, 27.70, 17.08, 48.65,  , -38.225813, -72.352572, 2.6
21:48:09, 608, 275, 93844, 9.80, 32.50, 16.98, 48.80,  ,  ,  , 2.7
21:48:10, 611, 278, 93814, 7.25, 24.50, 16.96, 48.85,  , -38.225598, -72.352420, 2.8
21:48:12, 617, 284, 93750, 7.20, 29.90, 16.92, 48.95,  ,  ,  , 2.8
21:48:13, 620, 287, 93718, 7.70, 27.80, 16.89, 49.00,  , -38.225422, -72.352287, 2.8
21:48:14, 622, 289, 93690, 8.50, 37.60, 16.87, 49.05,  ,  ,  , 2.7
21:48:15, 625, 292, 93663, 6.95, 25.80, 16.86, 49.15,  ,  ,  , 2.7
21:48:16, 627, 294, 93636, 7.25, 37.70, 16.83, 49.20,  , -38.225248, -72.352150, 2.7
21:48:17, 629, 296, 93610, 8.60, 33.10, 16.82, 49.25,  ,  ,  , 2.6
21:48:18, 632, 299, 93585, 7.00, 27.80, 16.80, 49.30,  ,  ,  , 2.6
21:48:19, 634, 301, 93560, 8.10, 36.90, 16.89, 49.35,  , -38.225073, -72.352003, 2.6
21:48:20, 635, 302, 93544, 7.15, 11.80, 16.87, 49.35,  ,  ,  , 2.5
21:48:21, 637, 304, 93528, 8.35, 25.90, 16.82, 49.40,  ,  ,  , 2.4
21:48:22, 638, 305, 93512, 7.25, 30.30, 16.73, 49.40,  , -38.224888, -72.351898, 2.3
21:48:23, 640, 307, 93490, 6.70, 23.90, 16.72, 49.35,  ,  ,  , 2.3
21:48:24, 642, 309, 93469, 8.20, 28.70, 16.67, 49.45,  ,  ,  , 2.1
21:48:25, 644, 311, 93448, 6.70, 22.90, 16.62, 49.50, 30.75, -38.224720, -72.351783, 2.0
21:48:26, 647, 314, 93415,  ,  , 16.59, 49.50,  ,  ,  , 2.1
21:48:27, 650, 317, 93383,  ,  , 16.59, 49.55,  ,  ,  , 2.1
21:48:28, 653, 320, 93352,  ,  , 16.57, 49.65,  ,  ,  , 2.2
21:48:29, 656, 323, 93322, 6.85, 33.30, 16.53, 49.70,  ,  ,  , 2.2
21:48:30, 658, 325, 93293, 6.85, 25.40, 16.50, 49.75,  ,  ,  , 2.2
21:48:31, 661, 328, 93264, 8.50, 31.70, 16.48, 49.85,  , -38.224392, -72.351552, 2.3
21:48:32, 663, 330, 93240, 6.65, 25.70, 16.47, 49.90,  ,  ,  , 2.3
21:48:33, 665, 332, 93216, 7.40, 24.30, 16.47, 49.95,  ,  ,  , 2.3
21:48:34, 668, 335, 93192, 7.00, 33.80, 16.50, 50.00,  , -38.224218, -72.351440, 2.4
21:48:36, 671, 338, 93154, 7.65, 33.60, 16.46, 50.05,  ,  ,  , 2.4
21:48:37, 673, 340, 93136, 5.90, 23.90, 16.44, 50.05,  , -38.224063, -72.351325, 2.4
21:48:38, 674, 341, 93118, 8.25, 26.20, 16.43, 50.05,  ,  ,  , 2.3
21:48:39, 676, 343, 93101, 6.25, 33.40, 16.42, 50.10,  ,  ,  , 2.2
21:48:40, 678, 345, 93084, 6.00, 21.90, 16.40, 50.10,  , -38.223905, -72.351213, 2.0
21:48:41, 678, 345, 93076, 8.25, 38.10, 16.44, 50.15,  ,  ,  , 1.9
21:48:42, 679, 346, 93068, 5.95, 20.00, 16.43, 50.15,  ,  ,  , 1.7
21:48:43, 680, 347, 93060, 7.30, 26.90, 16.41, 50.15,  , -38.223745, -72.351100, 1.6
21:48:45, 681, 348, 93047, 6.85, 35.70, 16.37, 50.15,  ,  ,  , 1.5
21:48:46, 682, 349, 93035, 6.60, 19.10, 16.33, 50.15,  ,  ,  , 1.4
21:48:47, 683, 350, 93024, 7.95, 38.90, 16.32, 50.20,  , -38.223578, -72.350978, 1.3
21:48:47, 685, 352, 93006, 6.00, 25.90, 16.28, 50.25,  ,  ,  , 1.3
21:48:48, 686, 353, 92987, 7.75, 23.00, 16.24, 50.25,  ,  ,  , 1.3
21:48:49, 688, 355, 92968, 5.85, 25.60, 16.22, 50.30,  , -38.223413, -72.350873, 1.3
21:48:51, 692, 359, 92932, 6.50, 38.60, 16.17, 50.40,  ,  ,  , 1.3
21:48:52, 693, 360, 92914, 5.75, 21.60, 16.15, 50.45, 30.50, -38.223263, -72.350772, 1.3
21:48:54, 697, 364, 92875, 7.00, 39.40, 16.13, 50.50,  ,  ,  , 1.5
21:48:55, 700, 367, 92839, 6.50, 44.70, 16.09, 50.50,  ,  ,  , 1.7
21:48:56, 703, 370, 92804, 7.85, 36.90, 16.06, 50.55,  , -38.223115, -72.350622, 2.0
21:48:57, 706, 373, 92774, 8.05, 52.10, 16.00, 50.60,  ,  ,  , 2.0
21:48:58, 709, 376, 92744, 7.45, 40.30, 15.95, 50.70,  ,  ,  , 2.2
21:48:59, 712, 379, 92714, 8.90, 36.80, 15.91, 50.75,  , -38.222955, -72.350433, 2.3
21:48:59, 713, 380, 92693, 9.40, 48.70, 15.90, 50.80,  ,  ,  , 2.4
21:49:00, 715, 382, 92672, 9.80, 36.90, 15.91, 50.85,  ,  ,  , 2.4
21:49:01, 717, 384, 92652, 9.00, 40.60, 15.91, 50.95,  , -38.222763, -72.350222, 2.4
21:49:02, 719, 386, 92630, 9.25, 47.50, 15.91, 51.00,  ,  ,  , 2.4
21:49:03, 721, 388, 92609, 8.65, 37.70, 15.93, 51.05,  ,  ,  , 2.5
21:49:04, 723, 390, 92588, 8.40, 45.60, 15.94, 51.10,  , -38.222590, -72.350013, 2.5
21:49:05, 725, 392, 92568, 9.35, 45.30, 15.99, 51.15,  ,  ,  , 2.4
21:49:06, 727, 394, 92548, 7.80, 39.30, 15.97, 51.15,  ,  ,  , 2.3
21:49:07, 729, 396, 92528, 8.05, 41.50, 15.94, 51.15,  , -38.222425, -72.349812, 2.2
21:49:08, 730, 397, 92512, 9.40, 38.00, 15.92, 51.15,  ,  ,  , 2.1
21:49:09, 732, 399, 92497, 8.30, 25.70, 15.92, 51.15,  ,  ,  , 2.0
21:49:10, 733, 400, 92482, 7.85, 30.60, 15.89, 51.15,  , -38.222233, -72.349653, 1.9
21:49:11, 735, 402, 92463, 10.90, 40.50, 15.89, 51.15,  ,  ,  , 1.8
21:49:12, 736, 403, 92444, 8.70, 25.20, 15.85, 51.15,  ,  ,  , 1.8
21:49:13, 738, 405, 92426, 8.60, 32.50, 15.81, 51.20,  , -38.222028, -72.349485, 1.8
21:49:14, 740, 407, 92409, 8.85, 31.50, 15.77, 51.30,  ,  ,  , 1.7
21:49:15, 741, 408, 92393, 9.60, 38.90, 15.76, 51.30,  ,  ,  , 1.7
21:49:16, 743, 410, 92378, 8.55, 40.00, 15.78, 51.30,  , -38.221830, -72.349307, 1.6
21:49:17, 744, 411, 92362, 8.45, 36.10, 15.76, 51.30,  ,  ,  , 1.6
21:49:18, 745, 412, 92347, 10.20, 40.70, 15.70, 51.30,  ,  ,  , 1.6
21:49:19, 747, 414, 92332, 9.00, 34.70, 15.68, 51.35, 30.00, -38.221637, -72.349117, 1.5
21:49:20, 748, 415, 92319, 10.15, 26.60, 15.66, 51.40,  ,  ,  , 1.5
21:49:21, 749, 416, 92307, 9.40, 30.80, 15.66, 51.40,  ,  ,  , 1.5
21:49:22, 750, 417, 92296, 8.20, 31.90, 15.67, 51.45,  , -38.221417, -72.348958, 1.4
21:49:23, 751, 418, 92283, 10.80, 35.30, 15.66, 51.50,  ,  ,  , 1.4
21:49:24, 752, 419, 92270, 8.95, 34.00, 15.63, 51.50,  ,  ,  , 1.4
21:49:25, 754, 421, 92258, 8.65, 28.00, 15.60, 51.55,  , -38.221202, -72.348780, 1.3
21:49:26, 755, 422, 92242, 10.30, 37.20, 15.55, 51.60,  ,  ,  , 1.3
21:49:27, 756, 423, 92228, 7.90, 29.10, 15.52, 51.60,  ,  ,  , 1.3
21:49:28, 758, 425, 92214, 10.15, 31.30, 15.51, 51.65,  , -38.220987, -72.348612, 1.3
21:49:29, 760, 427, 92193, 8.40, 30.30, 15.50, 51.75,  ,  ,  , 1.3
21:49:30, 762, 429, 92171, 9.30, 23.50, 15.48, 51.80,  ,  ,  , 1.4
21:49:31, 764, 431, 92150, 10.40, 32.60, 15.50, 51.85,  , -38.220763, -72.348460, 1.4
21:49:32, 765, 432, 92132, 11.05, 21.50, 15.51, 51.85,  ,  ,  , 1.4
21:49:33, 767, 434, 92115, 11.35, 29.30, 15.51, 51.90,  ,  ,  , 1.5
21:49:34, 768, 435, 92098, 9.55, 27.20, 15.47, 51.90,  , -38.220507, -72.348295, 1.5
21:49:37, 773, 440, 92046, 10.95, 36.60, 15.29, 52.00,  , -38.220262, -72.348127, 1.6
21:49:38, 776, 443, 92014, 11.35, 29.40, 15.25, 52.05,  ,  ,  , 1.7
21:49:39, 779, 446, 91983, 10.65, 29.20, 15.20, 52.10,  ,  ,  , 1.8
21:49:40, 782, 449, 91952, 11.80, 30.90, 15.20, 52.20,  , -38.220005, -72.347932, 2.0
21:49:41, 784, 451, 91934, 10.70, 22.60, 15.20, 52.25,  ,  ,  , 2.0
21:49:42, 785, 452, 91917, 11.65, 28.40, 15.20, 52.30,  ,  ,  , 2.0
21:49:43, 787, 454, 91900, 11.85, 21.70, 15.20, 52.35,  , -38.219728, -72.347765, 1.9
21:49:44, 789, 456, 91877, 10.80, 29.70, 15.20, 52.45,  ,  ,  , 2.0
21:49:45, 791, 458, 91855, 12.25, 25.10, 15.21, 52.45,  ,  ,  , 2.0
21:49:46, 793, 460, 91834, 11.55, 21.40, 15.20, 52.50, 29.75, -38.219443, -72.347598, 2.0
21:49:47, 795, 462, 91810, 10.85, 29.10, 15.19, 52.45,  ,  ,  , 2.0
21:49:48, 797, 464, 91786, 11.70, 18.00, 15.19, 52.50,  ,  ,  , 2.1
21:49:49, 800, 467, 91762, 11.30, 23.60, 15.19, 52.50,  , -38.219160, -72.347450, 2.1
21:49:51, 803, 470, 91720, 10.55, 16.20, 15.19, 52.55,  ,  ,  , 2.1
21:49:52, 805, 472, 91700, 10.90, 25.70, 15.19, 52.60,  , -38.218888, -72.347325, 2.0
21:49:53, 807, 474, 91684, 11.90, 15.10, 15.19, 52.60,  ,  ,  , 1.9
21:49:54, 808, 475, 91670, 10.50, 19.20, 15.19, 52.65,  ,  ,  , 1.9
21:49:55, 809, 476, 91656, 10.45, 20.30, 15.19, 52.65,  , -38.218603, -72.347202, 1.9
21:49:56, 810, 477, 91650, 11.85, 19.40, 15.19, 52.65,  ,  ,  , 1.8
21:49:57, 810, 477, 91644, 10.10, 27.70, 15.19, 52.65,  ,  ,  , 1.7
21:49:58, 811, 478, 91638, 10.80, 14.90, 15.19, 52.65,  , -38.218332, -72.347072, 1.6
21:49:59, 812, 479, 91627, 11.50, 24.50, 15.19, 52.65,  ,  ,  , 1.5
21:50:00, 813, 480, 91616, 8.75, 18.50, 15.19, 52.65,  ,  ,  , 1.4
21:50:01, 814, 481, 91606, 11.30, 20.90, 15.19, 52.65,  , -38.218065, -72.346950, 1.3
21:50:03, 816, 483, 91588, 10.70, 17.80, 15.19, 52.65,  ,  ,  , 1.0
21:50:04, 816, 483, 91580, 11.65, 30.90, 15.19, 52.60,  , -38.217798, -72.346810, 0.9
21:50:06, 816, 483, 91587, 11.05, 21.40, 15.19, 52.60,  ,  ,  , 0.7
21:50:07, 815, 482, 91592, 11.00, 32.40, 15.19, 52.55,  , -38.217532, -72.346663, 0.6
21:50:09, 813, 480, 91612, 11.90, 26.60, 15.19, 52.55,  ,  ,  , 0.2
21:50:10, 813, 480, 91622, 9.55, 21.60, 15.19, 52.60,  , -38.217267, -72.346522, 0.1
21:50:12, 813, 480, 91620, 10.65, 25.10, 15.19, 52.65,  ,  ,  , 0
21:50:13, 813, 480, 91620, 9.20, 13.70, 15.19, 52.65, 29.50, -38.217010, -72.346393, -0.1
21:50:15, 812, 479, 91629, 9.80, 21.80, 15.19, 52.65,  ,  ,  , -0.2
21:50:16, 811, 478, 91634, 10.60, 19.20, 15.19, 52.65,  , -38.216747, -72.346262, -0.3
21:50:18, 810, 477, 91644, 10.55, 16.60, 15.19, 52.60,  ,  ,  , -0.4
21:50:19, 810, 477, 91650, 12.10, 26.20, 15.19, 52.65,  , -38.216468, -72.346125, -0.4
21:50:21, 809, 476, 91661, 10.55, 18.80, 15.16, 52.65,  ,  ,  , -0.5
21:50:22, 808, 475, 91668, 11.45, 27.50, 15.14, 52.70,  , -38.216192, -72.345987, -0.4
21:50:24, 808, 475, 91670, 11.00, 26.20, 15.19, 52.75,  ,  ,  , -0.4
21:50:25, 808, 475, 91672, 10.40, 22.80, 15.18, 52.80,  , -38.215927, -72.345848, -0.4
21:50:26, 808, 475, 91673, 10.70, 19.30, 15.18, 52.75,  ,  ,  , -0.4
21:50:27, 808, 475, 91674, 11.35, 28.90, 15.18, 52.80,  ,  ,  , -0.4
21:50:28, 808, 475, 91676, 9.90, 17.10, 15.18, 52.80,  , -38.215663, -72.345707, -0.3
21:50:29, 808, 475, 91673, 11.45, 26.00, 15.18, 52.80,  ,  ,  , -0.3
21:50:30, 808, 475, 91670, 10.40, 23.50, 15.18, 52.75,  ,  ,  , -0.2
21:50:31, 808, 475, 91668, 10.40, 21.30, 15.19, 52.75,  , -38.215397, -72.345562, -0.2
21:50:32, 809, 476, 91665, 11.40, 30.50, 15.19, 52.70,  ,  ,  , -0.1
21:50:33, 809, 476, 91662, 10.15, 18.10, 15.19, 52.65,  ,  ,  , -0.1
21:50:34, 809, 476, 91660, 12.10, 26.10, 15.19, 52.65,  , -38.215127, -72.345407, 0
21:50:35, 809, 476, 91658, 10.00, 25.60, 15.19, 52.60,  ,  ,  , 0.1
21:50:36, 809, 476, 91657, 9.70, 17.00, 15.19, 52.60,  ,  ,  , 0.1
21:50:37, 809, 476, 91656, 12.05, 27.30, 15.19, 52.55,  , -38.214862, -72.345265, 0.1
21:50:38, 809, 476, 91656, 9.60, 22.40, 15.19, 52.50,  ,  ,  , 0.1
21:50:39, 809, 476, 91656, 11.65, 19.90, 15.19, 52.50,  ,  ,  , 0.1
21:50:40, 809, 476, 91656, 11.20, 26.20, 15.19, 52.45, 29.00, -38.214587, -72.345122, 0.2
21:50:41, 809, 476, 91654, 10.00, 22.00, 15.19, 52.50,  ,  ,  , 0.1
21:50:42, 810, 477, 91653, 12.35, 23.40, 15.19, 52.45,  ,  ,  , 0.1
21:50:43, 810, 477, 91652, 9.70, 25.90, 15.19, 52.45,  , -38.214315, -72.344972, 0.1
21:50:44, 810, 477, 91646, 11.65, 21.30, 15.19, 52.40,  ,  ,  , 0.1
21:50:45, 811, 478, 91640, 11.35, 24.50, 15.19, 52.40,  ,  ,  , 0.2
21:50:46, 811, 478, 91634, 10.25, 16.80, 15.19, 52.35,  , -38.214038, -72.344832, 0.2
21:50:47, 812, 479, 91631, 12.60, 19.80, 15.19, 52.40,  ,  ,  , 0.2
21:50:48, 812, 479, 91628, 10.00, 22.70, 15.19, 52.45,  ,  ,  , 0.2
21:50:49, 812, 479, 91626, 11.00, 19.00, 15.19, 52.45,  , -38.213757, -72.344702, 0.2
21:50:51, 813, 480, 91618, 9.50, 26.20, 15.19, 52.50,  ,  ,  , 0.3
21:50:52, 813, 480, 91614, 11.90, 25.60, 15.19, 52.50,  , -38.213488, -72.344552, 0.3
21:50:53, 814, 481, 91606, 10.05, 21.60, 15.19, 52.50,  ,  ,  , 0.4
21:50:54, 815, 482, 91598, 10.15, 25.90, 15.19, 52.50,  ,  ,  , 0.4
21:50:55, 816, 483, 91590, 11.60, 22.40, 15.19, 52.45,  , -38.213222, -72.344407, 0.5
21:50:56, 816, 483, 91584, 9.65, 23.60, 15.19, 52.40,  ,  ,  , 0.5
21:50:57, 816, 483, 91579, 12.20, 25.10, 15.19, 52.40,  ,  ,  , 0.5
21:50:58, 817, 484, 91574, 11.05, 22.50, 15.19, 52.35,  , -38.212947, -72.344253, 0.5
21:50:59, 817, 484, 91571, 10.10, 25.60, 15.19, 52.35,  ,  ,  , 0.4
21:51:00, 817, 484, 91568, 12.25, 24.10, 15.19, 52.35,  ,  ,  , 0.4
21:51:01, 818, 485, 91566, 9.85, 22.10, 15.19, 52.30,  , -38.212675, -72.344098, 0.4
21:51:02, 818, 485, 91561, 9.90, 26.60, 15.19, 52.30,  ,  ,  , 0.5
21:51:03, 819, 486, 91556, 10.95, 18.50, 15.19, 52.30,  ,  ,  , 0.5
21:51:04, 819, 486, 91552, 9.15, 21.60, 15.19, 52.25,  , -38.212420, -72.343975, 0.5
21:51:07, 820, 487, 91545, 9.85, 17.40, 15.19, 52.10,  ,  ,  , 0.4
21:51:08, 820, 487, 91542, 9.65, 23.10, 15.19, 52.05, 29.00, -38.212165, -72.343852, 0.4
21:51:08, 821, 488, 91531, 10.95, 17.30, 15.19, 52.05,  ,  ,  , 0.4
21:51:09, 822, 489, 91520, 10.15, 13.30, 15.19, 52.05,  ,  ,  , 0.5
21:51:10, 823, 490, 91510, 10.75, 20.20, 15.19, 52.00,  , -38.211887, -72.343745, 0.5
21:51:11, 824, 491, 91499, 9.85, 15.60, 15.19, 52.05,  ,  ,  , 0.6
21:51:12, 825, 492, 91488, 9.75, 12.10, 15.19, 52.05,  ,  ,  , 0.6
21:51:13, 826, 493, 91478, 10.95, 21.10, 15.19, 52.00,  , -38.211623, -72.343648, 0.7
21:51:14, 827, 494, 91466, 9.40, 16.40, 15.19, 51.95,  ,  ,  , 0.7
21:51:15, 828, 495, 91454, 11.15, 21.40, 15.19, 52.00,  ,  ,  , 0.8
21:51:16, 829, 496, 91442, 10.15, 17.00, 15.19, 52.00,  , -38.211358, -72.343533, 0.8
21:51:17, 830, 497, 91439, 10.90, 9.10, 15.19, 52.00,  ,  ,  , 0.8
21:51:18, 830, 497, 91436, 10.90, 22.50, 15.19, 52.00,  ,  ,  , 0.8
21:51:19, 830, 497, 91434, 9.55, 22.70, 15.19, 51.95,  , -38.211087, -72.343428, 0.8
21:51:20, 831, 498, 91422, 10.75, 19.70, 15.19, 51.90,  ,  ,  , 0.8
21:51:21, 832, 499, 91411, 9.65, 16.80, 15.19, 51.90,  ,  ,  , 0.8
21:51:22, 833, 500, 91400, 9.85, 17.40, 15.19, 51.85,  , -38.210827, -72.343315, 0.9
21:51:23, 834, 501, 91392, 11.10, 18.20, 15.19, 51.85,  ,  ,  , 0.8
21:51:24, 835, 502, 91384, 8.90, 14.40, 15.19, 51.85,  ,  ,  , 0.8
21:51:25, 835, 502, 91376, 11.05, 21.30, 15.19, 51.85,  , -38.210567, -72.343213, 0.8
21:51:26, 837, 504, 91360, 9.95, 20.30, 15.19, 51.85,  ,  ,  , 0.8
21:51:27, 838, 505, 91344, 9.55, 12.70, 15.19, 51.85,  ,  ,  , 0.9
21:51:28, 840, 507, 91328, 11.45, 14.40, 15.19, 51.85,  , -38.210300, -72.343115, 0.9
21:51:29, 841, 508, 91316, 9.00, 14.60, 15.10, 51.85,  ,  ,  , 1.0
21:51:30, 842, 509, 91305, 10.65, 15.00, 15.05, 51.90,  ,  ,  , 1.0
21:51:31, 843, 510, 91294, 10.35, 14.50, 15.05, 51.95,  , -38.210028, -72.343028, 1.1
21:51:32, 845, 512, 91274,  ,  , 15.06, 51.95,  ,  ,  , 1.1
21:51:33, 847, 514, 91255,  ,  , 15.04, 51.95,  ,  ,  , 1.2
21:51:34, 848, 515, 91236,  ,  , 15.07, 52.05, 29.00,  ,  , 1.3
21:51:35, 850, 517, 91219, 10.15, 14.70, 15.04, 52.05,  ,  ,  , 1.3
21:51:36, 852, 519, 91202, 10.35, 19.00, 15.06, 52.05,  ,  ,  , 1.4
21:51:37, 853, 520, 91186, 9.35, 5.20, 15.06, 52.10,  , -38.209498, -72.342862, 1.4
21:51:38, 855, 522, 91168, 10.85, 18.60, 15.03, 52.15,  ,  ,  , 1.5
21:51:39, 856, 523, 91152, 9.80, 9.70, 15.01, 52.10,  ,  ,  , 1.5
21:51:40, 858, 525, 91136, 9.35, 11.10, 14.98, 52.10,  , -38.209235, -72.342787, 1.5
21:51:41, 860, 527, 91117, 11.20, 16.40, 14.95, 52.10,  ,  ,  , 1.6
21:51:42, 861, 528, 91098, 8.70, 8.40, 14.92, 52.10,  ,  ,  , 1.6
21:51:43, 863, 530, 91080, 10.55, 13.30, 14.88, 52.15,  , -38.208972, -72.342713, 1.7
21:51:44, 865, 532, 91063, 10.60, 12.90, 14.87, 52.20,  ,  ,  , 1.6
21:51:45, 866, 533, 91046, 9.05, 15.90, 14.88, 52.25,  ,  ,  , 1.6
21:51:46, 868, 535, 91030, 11.70, 11.70, 14.86, 52.25,  , -38.208702, -72.342633, 1.6
21:51:47, 869, 536, 91017, 9.15, 14.70, 14.81, 52.25,  ,  ,  , 1.6
21:51:48, 870, 537, 91005, 9.95, 13.50, 14.81, 52.30,  ,  ,  , 1.5
21:51:49, 871, 538, 90994, 10.60, 9.80, 14.79, 52.35,  , -38.208437, -72.342557, 1.5
21:51:51, 873, 540, 90968, 11.15, 11.70, 14.76, 52.40,  ,  ,  , 1.4
21:51:52, 875, 542, 90956, 9.85, 14.10, 14.74, 52.45,  , -38.208170, -72.342478, 1.4
21:51:53, 877, 544, 90933, 9.60, 14.70, 14.75, 52.45,  ,  ,  , 1.5
21:51:54, 879, 546, 90910, 11.35, 9.40, 14.73, 52.50,  ,  ,  , 1.5
21:51:55, 881, 548, 90888, 9.35, 12.10, 14.72, 52.55,  , -38.207902, -72.342407, 1.5
21:51:56, 883, 550, 90870, 10.75, 8.80, 14.67, 52.60,  ,  ,  , 1.5
21:51:57, 884, 551, 90852, 10.90, 10.90, 14.66, 52.60,  ,  ,  , 1.5
21:51:58, 886, 553, 90834, 9.00, 10.00, 14.65, 52.65,  , -38.207628, -72.342347, 1.5
21:51:59, 887, 554, 90820, 12.00, 8.10, 14.63, 52.65,  ,  ,  , 1.5
21:52:00, 888, 555, 90807, 9.85, 12.40, 14.62, 52.65,  ,  ,  , 1.5
21:52:01, 890, 557, 90794, 10.30, 8.60, 14.61, 52.70, 28.25, -38.207345, -72.342285, 1.5
21:52:02, 891, 558, 90778, 11.90, 11.90, 14.60, 52.75,  ,  ,  , 1.6
21:52:03, 893, 560, 90763, 9.30, 13.00, 14.61, 52.80,  ,  ,  , 1.6
21:52:04, 894, 561, 90748, 10.70, 9.40, 14.58, 52.85,  , -38.207063, -72.342215, 1.6
21:52:06, 897, 564, 90720, 9.90, 8.30, 14.51, 52.90,  ,  ,  , 1.5
21:52:07, 898, 565, 90706, 10.90, 15.30, 14.46, 52.90,  , -38.206785, -72.342133, 1.5
21:52:08, 899, 566, 90692, 9.35, 17.60, 14.46, 52.95,  ,  ,  , 1.4
21:52:09, 900, 567, 90679, 11.15, 7.30, 14.45, 53.00,  ,  ,  , 1.3
21:52:10, 902, 569, 90666, 9.90, 18.50, 14.48, 53.05,  , -38.206513, -72.342052, 1.3
21:52:11, 903, 570, 90650, 9.75, 12.20, 14.48, 53.10,  ,  ,  , 1.3
21:52:12, 905, 572, 90635, 11.25, 13.30, 14.48, 53.15,  ,  ,  , 1.3
21:52:13, 906, 573, 90620, 10.20, 12.30, 14.46, 53.15,  , -38.206243, -72.341970, 1.4
21:52:14, 907, 574, 90605, 10.85, 6.00, 14.42, 53.20,  ,  ,  , 1.4
21:52:15, 909, 576, 90590, 10.10, 17.70, 14.41, 53.20,  ,  ,  , 1.4
21:52:16, 910, 577, 90576, 10.25, 8.70, 14.39, 53.25,  , -38.205965, -72.341902, 1.3
21:52:17, 913, 580, 90549, 10.95, 14.40, 14.41, 53.25,  ,  ,  , 1.4
21:52:18, 915, 582, 90522, 9.30, 16.70, 14.42, 53.25,  ,  ,  , 1.5
21:52:19, 918, 585, 90496, 11.35, 15.00, 14.42, 53.30,  , -38.205688, -72.341815, 1.6
21:52:20, 920, 587, 90474, 9.85, 14.80, 14.36, 53.30,  ,  ,  , 1.7
21:52:21, 922, 589, 90453, 9.85, 11.80, 14.33, 53.30,  ,  ,  , 1.7
21:52:22, 924, 591, 90432, 11.20, 16.10, 14.33, 53.35,  , -38.205412, -72.341733, 1.8
21:52:23, 926, 593, 90404, 8.25, 15.20, 14.32, 53.40,  ,  ,  , 1.9
21:52:24, 929, 596, 90377, 10.90, 13.50, 14.31, 53.40,  ,  ,  , 2.0
21:52:25, 931, 598, 90350, 10.00, 14.40, 14.28, 53.40,  , -38.205152, -72.341650, 2.1
21:52:26, 933, 600, 90331, 8.70, 16.10, 14.30, 53.45,  ,  ,  , 2.1
21:52:27, 935, 602, 90313, 11.05, 10.20, 14.30, 53.45,  ,  ,  , 2.2
21:52:28, 936, 603, 90296, 9.10, 13.10, 14.25, 53.45, 28.00, -38.204893, -72.341575, 2.2
21:52:29, 939, 606, 90270, 9.85, 16.70, 14.24, 53.50,  ,  ,  , 2.2
21:52:30, 941, 608, 90245, 10.80, 12.90, 14.21, 53.55,  ,  ,  , 2.2
21:52:31, 944, 611, 90220, 8.50, 12.80, 14.21, 53.55,  , -38.204635, -72.341495, 2.2
21:52:33, 946, 613, 90188, 9.85, 14.10, 14.19, 53.60,  ,  ,  , 2.1
21:52:34, 948, 615, 90172, 9.00, 13.60, 14.14, 53.65,  , -38.204372, -72.341417, 2.0
21:52:36, 953, 620, 90120, 8.25, 9.90, 14.13, 53.65,  ,  ,  , 2.1
21:52:37, 955, 622, 90094, 10.40, 15.10, 14.10, 53.70,  , -38.204115, -72.341337, 2.0
21:52:39, 959, 626, 90057, 8.85, 15.40, 14.11, 53.75,  ,  ,  , 2.0
21:52:40, 960, 627, 90040, 9.10, 12.40, 14.06, 53.75,  , -38.203872, -72.341252, 2.0
21:52:42, 964, 631, 90000, 10.00, 13.90, 14.05, 53.80,  ,  ,  , 2.0
21:52:43, 966, 633, 89980, 9.15, 5.90, 14.03, 53.85,  , -38.203618, -72.341200, 1.9
21:52:45, 968, 635, 89955, 9.05, 19.40, 14.00, 53.90,  ,  ,  , 1.8
21:52:46, 969, 636, 89944, 9.40, 10.10, 13.97, 53.95,  , -38.203368, -72.341133, 1.8
21:52:48, 974, 641, 89892, 8.60, 14.90, 13.89, 54.00,  ,  ,  , 1.8
21:52:49, 977, 644, 89866, 9.70, 12.10, 13.86, 54.05,  , -38.203115, -72.341062, 1.8
21:52:52, 983, 650, 89804, 9.95, 12.20, 13.81, 54.25,  , -38.202865, -72.341007, 1.9
21:52:53, 984, 651, 89790, 8.00, 9.20, 13.84, 54.25,  ,  ,  , 1.8
21:52:54, 985, 652, 89777, 10.45, 9.20, 13.83, 54.30,  ,  ,  , 1.7
21:52:55, 986, 653, 89764, 9.45, 13.80, 13.80, 54.35, 27.75, -38.202615, -72.340948, 1.7
21:52:57, 989, 656, 89741, 8.30, 7.80, 13.76, 54.35,  ,  ,  , 1.7
21:52:58, 991, 658, 89719, 11.10, 11.70, 13.76, 54.40,  ,  ,  , 1.8
21:52:59, 993, 660, 89698, 9.05, 8.60, 13.73, 54.45,  , -38.202360, -72.340892, 1.9
21:52:59, 994, 661, 89685, 8.65, 6.70, 13.72, 54.50,  ,  ,  , 1.9
21:53:00, 995, 662, 89672, 9.00, 15.90, 13.76, 54.50,  ,  ,  , 1.7
21:53:01, 996, 663, 89660, 9.10, 3.80, 13.72, 54.55,  , -38.202123, -72.340842, 1.6
21:53:02, 998, 665, 89638, 10.05, 14.90, 13.68, 54.55,  ,  ,  , 1.6
21:53:03, 1000, 667, 89617, 8.55, 8.70, 13.66, 54.60,  ,  ,  , 1.7
21:53:04, 1002, 669, 89596, 9.10, 5.40, 13.65, 54.60,  , -38.201880, -72.340790, 1.7
21:53:06, 1004, 671, 89575, 8.75, 17.50, 13.70, 54.60,  ,  ,  , 1.7
21:53:07, 1006, 673, 89556, 9.30, 3.40, 13.71, 54.70,  ,  ,  , 1.7
21:53:08, 1008, 675, 89538, 9.50, 13.00, 13.66, 54.70,  , -38.201635, -72.340737, 1.8
21:53:08, 1010, 677, 89518, 8.25, 12.10, 13.63, 54.75,  ,  ,  , 1.8
21:53:09, 1011, 678, 89499, 9.90, 3.30, 13.58, 54.75,  ,  ,  , 1.8
21:53:10, 1013, 680, 89480, 7.90, 14.40, 13.59, 54.80,  , -38.201393, -72.340685, 1.7
21:53:12, 1015, 682, 89460, 9.20, 6.20, 13.57, 54.80,  ,  ,  , 1.8
21:53:13, 1017, 684, 89441, 9.60, 9.50, 13.57, 54.80,  ,  ,  , 1.8
21:53:14, 1019, 686, 89422, 7.60, 5.30, 13.54, 54.85,  , -38.201157, -72.340643, 1.9
21:53:15, 1021, 688, 89399, 10.40, 6.40, 13.51, 54.90,  ,  ,  , 1.9
21:53:16, 1023, 690, 89376, 10.40, 6.40, 13.48, 54.95,  ,  ,  , 1.9
21:53:17, 1025, 692, 89354, 8.70, 357.90, 13.48, 55.00,  , -38.200915, -72.340615, 1.9
21:53:17, 1026, 693, 89341, 8.85, 10.70, 13.50, 55.00,  ,  ,  , 1.8
21:53:18, 1028, 695, 89328, 8.50, 4.20, 13.51, 55.05,  ,  ,  , 1.8
21:53:19, 1029, 696, 89316, 10.15, 5.60, 13.50, 55.05,  , -38.200675, -72.340587, 1.8
21:53:21, 1032, 699, 89278, 9.05, 358.90, 13.43, 55.10,  ,  ,  , 1.8
21:53:22, 1034, 701, 89260, 9.10, 10.50, 13.42, 55.15, 27.50, -38.200432, -72.340567, 1.7
21:53:23, 1036, 703, 89239, 8.25, 358.60, 13.37, 55.20,  ,  ,  , 1.8
21:53:24, 1038, 705, 89219, 10.25, 5.50, 13.31, 55.25,  ,  ,  , 1.8
21:53:25, 1040, 707, 89200, 8.20, 5.40, 13.31, 55.30,  , -38.200190, -72.340547, 1.8
21:53:26, 1041, 708, 89186, 9.10, 356.30, 13.30, 55.35,  ,  ,  , 1.7
21:53:27, 1042, 709, 89173, 8.20, 10.50, 13.31, 55.45,  ,  ,  , 1.7
21:53:28, 1044, 711, 89160, 8.25, 355.90, 13.30, 55.50,  , -38.199957, -72.340533, 1.6
21:53:29, 1046, 713, 89139, 9.90, 4.90, 13.30, 55.55,  ,  ,  , 1.6
21:53:30, 1047, 714, 89118, 8.00, 1.60, 13.24, 55.55,  ,  ,  , 1.7
21:53:31, 1049, 716, 89098, 9.35, 357.30, 13.21, 55.60,  , -38.199715, -72.340528, 1.7
21:53:32, 1051, 718, 89084, 8.10, 8.50, 13.28, 55.70,  ,  ,  , 1.7
21:53:33, 1052, 719, 89071, 8.85, 351.50, 13.21, 55.75,  ,  ,  , 1.7
21:53:34, 1053, 720, 89058, 9.20, 7.90, 13.17, 55.75,  , -38.199482, -72.340525, 1.6
21:53:36, 1057, 724, 89017, 9.55, 358.50, 13.09, 55.85,  ,  ,  , 1.6
21:53:37, 1059, 726, 88998, 7.60, 7.20, 13.08, 55.90,  , -38.199245, -72.340515, 1.6
21:53:38, 1060, 727, 88981, 9.30, 358.40, 13.03, 55.90,  ,  ,  , 1.6
21:53:39, 1062, 729, 88964, 9.40, 5.20, 13.06, 55.95,  ,  ,  , 1.6
21:53:40, 1064, 731, 88948, 8.50, 353.10, 13.00, 56.05,  , -38.199002, -72.340507, 1.6
21:53:41, 1065, 732, 88930, 8.95, 3.60, 12.99, 56.10,  ,  ,  , 1.6
21:53:42, 1067, 734, 88914, 7.85, 2.00, 12.97, 56.20,  ,  ,  , 1.6
21:53:43, 1068, 735, 88898, 9.90, 355.10, 12.97, 56.25,  , -38.198765, -72.340510, 1.6
21:53:44, 1070, 737, 88882, 8.90, 5.50, 12.99, 56.25,  ,  ,  , 1.6
21:53:45, 1071, 738, 88866, 8.65, 350.90, 12.97, 56.30,  ,  ,  , 1.6
21:53:46, 1073, 740, 88850, 9.65, 2.80, 12.97, 56.30,  , -38.198518, -72.340518, 1.6
21:53:47, 1075, 742, 88826, 8.30, 359.10, 12.94, 56.35,  ,  ,  , 1.7
21:53:48, 1078, 745, 88802, 9.90, 353.00, 12.96, 56.35,  ,  ,  , 1.7
21:53:49, 1080, 747, 88778, 8.65, 7.60, 12.91, 56.40, 27.25, -38.198270, -72.340528, 1.8
21:53:51, 1083, 750, 88747, 9.80, 1.20, 12.87, 56.45,  ,  ,  , 1.7
21:53:52, 1084, 751, 88732, 8.25, 358.40, 12.82, 56.50,  , -38.198018, -72.340538, 1.7
21:53:53, 1086, 753, 88708, 10.65, 359.10, 12.82, 56.55,  ,  ,  , 1.8
21:53:54, 1089, 756, 88684, 8.90, 355.00, 12.79, 56.60,  ,  ,  , 1.8
21:53:55, 1091, 758, 88660, 9.15, 353.40, 12.76, 56.65,  , -38.197763, -72.340560, 1.9
21:53:56, 1093, 760, 88634, 9.70, 0.00, 12.70, 56.70,  ,  ,  , 2.0
21:53:57, 1096, 763, 88609, 9.70, 355.60, 12.68, 56.70,  ,  ,  , 2.0
21:53:58, 1098, 765, 88584, 10.60, 358.00, 12.68, 56.70,  , -38.197500, -72.340583, 2.1
21:53:59, 1101, 768, 88559, 9.75, 352.10, 12.67, 56.70,  ,  ,  , 2.1
21:54:00, 1103, 770, 88535, 8.95, 356.50, 12.64, 56.70,  ,  ,  , 2.1
21:54:01, 1105, 772, 88512, 9.75, 356.10, 12.64, 56.65,  , -38.197242, -72.340612, 2.1
21:54:02, 1107, 774, 88494, 9.25, 346.80, 12.65, 56.65,  ,  ,  , 2.1
21:54:03, 1108, 775, 88477, 9.75, 359.40, 12.70, 56.60,  ,  ,  , 2.0
21:54:04, 1110, 777, 88460, 9.65, 349.30, 12.73, 56.60,  , -38.196983, -72.340650, 2.1
21:54:05, 1112, 779, 88435, 9.25, 348.60, 12.73, 56.50,  ,  ,  , 2.2
21:54:06, 1115, 782, 88411, 10.35, 0.90, 12.77, 56.40,  ,  ,  , 2.2
21:54:07, 1117, 784, 88388, 9.35, 347.30, 12.80, 56.30,  , -38.196725, -72.340692, 2.2
21:54:08, 1119, 786, 88371, 10.10, 356.70, 12.82, 56.25,  ,  ,  , 2.1
21:54:09, 1120, 787, 88354, 9.75, 357.80, 12.93, 56.25,  ,  ,  , 2.1
21:54:10, 1122, 789, 88338, 9.15, 346.30, 12.93, 56.10,  , -38.196458, -72.340727, 2.0
21:54:11, 1124, 791, 88319, 10.95, 358.20, 12.93, 55.95,  ,  ,  , 1.9
21:54:12, 1125, 792, 88300, 8.95, 350.60, 12.94, 55.90,  ,  ,  , 1.9
21:54:13, 1127, 794, 88282, 9.80, 350.50, 12.93, 55.80,  , -38.196192, -72.340770, 1.8
21:54:14, 1129, 796, 88265, 10.30, 351.90, 12.86, 55.70,  ,  ,  , 1.8
21:54:15, 1130, 797, 88248, 8.20, 357.70, 12.86, 55.65,  ,  ,  , 1.8
21:54:16, 1132, 799, 88232, 10.75, 354.10, 12.83, 55.60, 26.75, -38.195933, -72.340805, 1.8
21:54:17, 1134, 801, 88211, 8.70, 353.80, 12.83, 55.60,  ,  ,  , 1.8
21:54:18, 1136, 803, 88190, 8.85, 354.00, 12.82, 55.55,  ,  ,  , 1.8
21:54:19, 1138, 805, 88170, 10.05, 348.40, 12.82, 55.55,  , -38.195682, -72.340845, 1.8
21:54:20, 1140, 807, 88150, 7.95, 359.30, 12.81, 55.50,  ,  ,  , 1.7
21:54:21, 1141, 808, 88131, 9.60, 348.50, 12.82, 55.50,  ,  ,  , 1.8
21:54:22, 1143, 810, 88112, 8.70, 347.40, 12.81, 55.50,  , -38.195443, -72.340890, 1.8
21:54:23, 1145, 812, 88093,  ,  , 12.82, 55.50,  ,  ,  , 1.8
21:54:24, 1147, 814, 88074, 10.00, 348.40, 12.77, 55.50,  ,  ,  , 1.8
21:54:25, 1149, 816, 88056, 8.30, 354.00, 12.77, 55.50,  , -38.195198, -72.340927, 1.8
21:54:26, 1150, 817, 88037, 8.85, 349.70, 12.77, 55.50,  ,  ,  , 1.8
21:54:27, 1152, 819, 88018, 9.35, 348.30, 12.77, 55.50,  ,  ,  , 1.8
21:54:28, 1154, 821, 88000, 8.00, 358.50, 12.77, 55.55,  , -38.194965, -72.340973, 1.8
21:54:29, 1156, 823, 87980, 9.60, 345.10, 12.77, 55.55,  ,  ,  , 1.9
21:54:30, 1158, 825, 87961, 8.65, 355.70, 12.74, 55.55,  ,  ,  , 1.8
21:54:31, 1160, 827, 87942, 9.05, 353.00, 12.74, 55.55,  , -38.194728, -72.341018, 1.8
21:54:32, 1161, 828, 87925, 9.40, 346.70, 12.71, 55.55,  ,  ,  , 1.8
21:54:33, 1163, 830, 87908, 8.35, 0.40, 12.72, 55.55,  ,  ,  , 1.8
21:54:34, 1164, 831, 87892, 8.80, 351.70, 12.73, 55.60,  , -38.194490, -72.341057, 1.8
21:54:36, 1167, 834, 87862, 9.20, 354.40, 12.76, 55.60,  ,  ,  , 1.7
21:54:37, 1169, 836, 87848, 8.35, 344.80, 12.70, 55.55,  , -38.194257, -72.341095, 1.7
21:54:38, 1171, 838, 87828, 9.10, 1.60, 12.65, 55.60,  ,  ,  , 1.7
21:54:39, 1172, 839, 87808, 9.30, 350.50, 12.64, 55.60,  ,  ,  , 1.7
21:54:40, 1174, 841, 87788, 8.35, 349.30, 12.59, 55.65,  , -38.194015, -72.341130, 1.7
21:54:41, 1176, 843, 87772, 9.35, 1.00, 12.63, 55.65,  ,  ,  , 1.7
21:54:42, 1177, 844, 87757, 8.25, 344.60, 12.58, 55.70,  ,  ,  , 1.6
21:54:43, 1179, 846, 87742, 8.75, 359.60, 12.51, 55.70, 26.50, -38.193778, -72.341168, 1.6
21:54:44, 1180, 847, 87725, 9.30, 354.50, 12.48, 55.70,  ,  ,  , 1.6
21:54:45, 1182, 849, 87707, 7.80, 349.80, 12.47, 55.75,  ,  ,  , 1.6
21:54:46, 1184, 851, 87690, 9.85, 359.90, 12.50, 55.80,  , -38.193538, -72.341197, 1.6
21:54:47, 1185, 852, 87674, 8.05, 346.80, 12.47, 55.85,  ,  ,  , 1.6
21:54:48, 1187, 854, 87658, 9.05, 0.20, 12.37, 55.90,  ,  ,  , 1.6
21:54:49, 1188, 855, 87642, 9.05, 356.40, 12.37, 55.95,  , -38.193298, -72.341222, 1.6
21:54:51, 1192, 859, 87607, 10.25, 357.70, 12.37, 56.10,  ,  ,  , 1.6
21:54:52, 1193, 860, 87590, 8.25, 352.80, 12.37, 56.15,  , -38.193060, -72.341247, 1.6
21:54:53, 1195, 862, 87575, 8.40, 359.40, 12.37, 56.20,  ,  ,  , 1.6
21:54:54, 1196, 863, 87561, 9.65, 353.60, 12.37, 56.20,  ,  ,  , 1.6
21:54:55, 1197, 864, 87548, 7.20, 358.90, 12.33, 56.15,  , -38.192827, -72.341268, 1.6
21:54:56, 1200, 867, 87524, 9.55, 357.70, 12.28, 56.15,  ,  ,  , 1.6
21:54:57, 1202, 869, 87500, 8.95, 353.20, 12.27, 56.15,  ,  ,  , 1.7
21:54:58, 1204, 871, 87476, 8.00, 355.70, 12.26, 56.15,  , -38.192588, -72.341292, 1.7
21:54:59, 1206, 873, 87455, 10.10, 354.50, 12.24, 56.20,  ,  ,  , 1.8
21:55:00, 1208, 875, 87434, 7.10, 354.80, 12.23, 56.30,  ,  ,  , 1.8
21:55:01, 1210, 877, 87414, 9.15, 355.30, 12.19, 56.35,  , -38.192357, -72.341318, 1.8
21:55:03, 1213, 880, 87386, 7.05, 352.20, 12.14, 56.40,  ,  ,  , 1.8
21:55:04, 1214, 881, 87372, 10.20, 356.90, 12.13, 56.45,  , -38.192130, -72.341357, 1.7
21:55:06, 1217, 884, 87346, 7.60, 357.90, 12.12, 56.55,  ,  ,  , 1.7
21:55:07, 1218, 885, 87334, 9.70, 354.30, 12.10, 56.60,  , -38.191902, -72.341380, 1.7
21:55:09, 1221, 888, 87303, 8.70, 350.80, 12.04, 56.70,  ,  ,  , 1.6
21:55:10, 1222, 889, 87288, 7.45, 355.10, 12.02, 56.65, 26.00, -38.191683, -72.341408, 1.6
21:55:12, 1225, 892, 87258, 9.50, 349.90, 11.96, 56.80,  ,  ,  , 1.5
21:55:13, 1227, 894, 87244, 6.90, 355.80, 11.98, 56.85,  , -38.191470, -72.341442, 1.4
21:55:15, 1228, 895, 87226, 8.15, 1.10, 11.90, 56.95,  ,  ,  , 1.3
21:55:16, 1229, 896, 87218, 7.60, 353.00, 11.85, 57.00,  , -38.191253, -72.341475, 1.2
21:55:18, 1231, 898, 87196, 7.30, 359.20, 11.79, 57.05,  ,  ,  , 1.2
21:55:19, 1232, 899, 87186, 8.35, 351.00, 11.79, 57.10,  , -38.191037, -72.341508, 1.2
21:55:21, 1235, 902, 87153, 6.50, 355.00, 11.71, 57.20,  ,  ,  , 1.2
21:55:22, 1237, 904, 87138, 8.95, 351.70, 11.70, 57.25,  , -38.190822, -72.341543, 1.2
21:55:23, 1238, 905, 87124, 7.60, 353.90, 11.74, 57.30,  ,  ,  , 1.2
21:55:24, 1239, 906, 87111, 7.70, 350.10, 11.74, 57.35,  ,  ,  , 1.2
21:55:25, 1241, 908, 87098, 9.30, 352.50, 11.70, 57.45,  , -38.190602, -72.341582, 1.2
21:55:26, 1241, 908, 87091, 6.65, 356.10, 11.70, 57.55,  ,  ,  , 1.1
21:55:27, 1242, 909, 87085, 8.35, 349.60, 11.71, 57.60,  ,  ,  , 1.1
21:55:28, 1243, 910, 87080, 8.10, 350.70, 11.70, 57.65,  , -38.190388, -72.341620, 1.1
21:55:29, 1244, 911, 87062, 6.60, 352.10, 11.71, 57.65,  ,  ,  , 1.2
21:55:30, 1246, 913, 87044, 9.15, 349.30, 11.70, 57.70,  ,  ,  , 1.2
21:55:31, 1248, 915, 87026, 7.50, 351.30, 11.70, 57.75,  , -38.190177, -72.341665, 1.3
21:55:32, 1248, 915, 87018, 7.85, 351.90, 11.70, 57.80,  ,  ,  , 1.2
21:55:33, 1249, 916, 87010, 9.20, 350.10, 11.71, 57.75,  ,  ,  , 1.2
21:55:34, 1250, 917, 87002, 6.50, 355.30, 11.67, 57.75,  , -38.189963, -72.341708, 1.1
21:55:36, 1252, 919, 86983, 8.40, 352.00, 11.68, 57.70,  ,  ,  , 1.1
21:55:37, 1254, 921, 86965, 8.40, 351.90, 11.70, 57.70,  ,  ,  , 1.2
21:55:38, 1255, 922, 86948, 6.90, 349.40, 11.71, 57.70, 25.75, -38.189752, -72.341748, 1.2
21:55:38, 1257, 924, 86934, 9.40, 351.80, 11.67, 57.70,  ,  ,  , 1.2
21:55:39, 1258, 925, 86920, 6.90, 348.70, 11.69, 57.70,  ,  ,  , 1.3
21:55:40, 1259, 926, 86906, 7.95, 354.20, 11.67, 57.70,  , -38.189537, -72.341788, 1.3
21:55:41, 1261, 928, 86889, 8.80, 352.00, 11.66, 57.65,  ,  ,  , 1.4
21:55:42, 1262, 929, 86873, 7.10, 344.60, 11.66, 57.65,  ,  ,  , 1.4
21:55:43, 1264, 931, 86858, 8.60, 0.50, 11.63, 57.65,  , -38.189323, -72.341828, 1.4
21:55:44, 1265, 932, 86845, 7.80, 345.80, 11.61, 57.70,  ,  ,  , 1.4
21:55:45, 1266, 933, 86832, 8.00, 350.90, 11.61, 57.70,  ,  ,  , 1.4
21:55:46, 1268, 935, 86820, 8.25, 359.20, 11.60, 57.70,  , -38.189108, -72.341867, 1.5
21:55:47, 1269, 936, 86804, 7.60, 341.00, 11.59, 57.65,  ,  ,  , 1.5
21:55:48, 1271, 938, 86788, 7.95, 1.90, 11.52, 57.70,  ,  ,  , 1.5
21:55:49, 1272, 939, 86772, 8.05, 353.10, 11.50, 57.70,  , -38.188898, -72.341902, 1.4
21:55:51, 1275, 942, 86746, 7.60, 4.80, 11.41, 57.80,  ,  ,  , 1.4
21:55:52, 1276, 943, 86734, 8.80, 347.20, 11.41, 57.85,  , -38.188688, -72.341937, 1.4
21:55:55, 1279, 946, 86704, 8.35, 353.70, 11.36, 57.90,  ,  ,  , 1.4
21:55:56, 1280, 947, 86690, 8.10, 347.50, 11.34, 57.95,  , -38.188465, -72.341980, 1.3
21:55:56, 1282, 949, 86673, 8.45, 0.80, 11.33, 58.00,  ,  ,  , 1.4
21:55:57, 1284, 951, 86655, 8.20, 347.00, 11.32, 58.05,  ,  ,  , 1.4
21:55:58, 1285, 952, 86638, 7.35, 349.90, 11.29, 58.10,  , -38.188247, -72.342018, 1.5
21:55:59, 1287, 954, 86616, 9.15, 350.40, 11.29, 58.15,  ,  ,  , 1.5
21:56:00, 1290, 957, 86594, 7.75, 351.00, 11.30, 58.20,  ,  ,  , 1.6
21:56:01, 1292, 959, 86572, 7.95, 358.40, 11.32, 58.25,  , -38.188023, -72.342065, 1.6
21:56:02, 1293, 960, 86558, 7.50, 347.60, 11.30, 58.30,  ,  ,  , 1.6
21:56:03, 1294, 961, 86544, 7.25, 355.80, 11.30, 58.30,  ,  ,  , 1.6
21:56:04, 1296, 963, 86530, 8.90, 352.20, 11.32, 58.35, 25.50, -38.187812, -72.342105, 1.6
21:56:06, 1299, 966, 86496, 8.15, 0.90, 11.28, 58.35,  ,  ,  , 1.6
21:56:07, 1301, 968, 86480, 7.85, 344.90, 11.30, 58.30,  , -38.187600, -72.342143, 1.7
21:56:08, 1302, 969, 86465, 6.95, 358.60, 11.28, 58.30,  ,  ,  , 1.7
21:56:09, 1303, 970, 86450, 8.85, 350.60, 11.23, 58.35,  ,  ,  , 1.7
21:56:10, 1305, 972, 86436, 6.70, 350.40, 11.25, 58.35,  , -38.187393, -72.342180, 1.6
21:56:11, 1306, 973, 86427, 8.45, 358.00, 11.30, 58.35,  ,  ,  , 1.6
21:56:12, 1307, 974, 86418, 8.45, 358.00, 11.26, 58.35,  ,  ,  , 1.5
21:56:13, 1307, 974, 86410, 7.05, 0.00, 11.28, 58.35,  , -38.187187, -72.342205, 1.4
21:56:14, 1309, 976, 86397, 8.85, 349.10, 11.29, 58.35,  ,  ,  , 1.3
21:56:15, 1310, 977, 86385, 7.20, 357.80, 11.24, 58.40,  ,  ,  , 1.3
21:56:16, 1311, 978, 86374, 7.90, 355.90, 11.23, 58.40,  , -38.186973, -72.342237, 1.3
21:56:17, 1312, 979, 86367, 7.80, 344.10, 11.22, 58.40,  ,  ,  , 1.2
21:56:18, 1312, 979, 86360, 8.00, 1.30, 11.23, 58.40,  ,  ,  , 1.2
21:56:19, 1313, 980, 86354, 7.40, 346.90, 11.23, 58.40,  , -38.186765, -72.342272, 1.1
21:56:21, 1315, 982, 86329, 8.30, 358.60, 11.20, 58.30,  ,  ,  , 1.0
21:56:22, 1316, 983, 86318, 6.10, 349.40, 11.15, 58.15,  , -38.186563, -72.342308, 0.9
21:56:23, 1318, 985, 86303,  ,  , 11.18, 57.75,  ,  ,  , 1.0
21:56:24, 1319, 986, 86288,  ,  , 11.19, 57.20,  ,  ,  , 1.0
21:56:25, 1321, 988, 86274,  ,  , 11.20, 56.65,  ,  ,  , 1.1
21:56:26, 1322, 989, 86258, 8.15, 355.40, 11.23, 56.05,  ,  ,  , 1.1
21:56:27, 1324, 991, 86243, 6.55, 355.70, 11.29, 55.50,  ,  ,  , 1.2
21:56:28, 1325, 992, 86228, 6.75, 0.60, 11.37, 54.95,  , -38.186185, -72.342350, 1.2
21:56:29, 1326, 993, 86217, 8.00, 343.00, 11.37, 54.40,  ,  ,  , 1.2
21:56:30, 1327, 994, 86206, 5.40, 353.90, 11.34, 53.90,  ,  ,  , 1.2
21:56:31, 1328, 995, 86196, 7.90, 358.30, 11.41, 53.50, 25.25, -38.185998, -72.342385, 1.3
21:56:32, 1330, 997, 86182, 6.10, 339.80, 11.41, 53.15,  ,  ,  , 1.3
21:56:33, 1331, 998, 86168, 7.20, 357.60, 11.41, 52.80,  ,  ,  , 1.3
21:56:34, 1332, 999, 86154, 7.80, 346.50, 11.41, 52.55,  , -38.185807, -72.342428, 1.3
21:56:35, 1334, 1001, 86135, 6.90, 358.10, 11.45, 52.30,  ,  ,  , 1.4
21:56:36, 1336, 1003, 86117, 7.90, 346.60, 11.46, 52.10,  ,  ,  , 1.4
21:56:37, 1338, 1005, 86100, 6.50, 355.50, 11.43, 51.90,  , -38.185608, -72.342465, 1.4
21:56:38, 1339, 1006, 86089, 7.20, 351.90, 11.49, 51.70,  ,  ,  , 1.4
21:56:39, 1340, 1007, 86078, 5.95, 345.30, 11.41, 51.55,  ,  ,  , 1.3
21:56:40, 1341, 1008, 86068, 7.20, 5.50, 11.41, 51.40,  , -38.185432, -72.342493, 1.3
21:56:41, 1341, 1008, 86062, 6.70, 353.20, 11.38, 51.30,  ,  ,  , 1.2
21:56:42, 1342, 1009, 86056, 5.25, 5.30, 11.34, 51.25,  ,  ,  , 1.2
21:56:43, 1342, 1009, 86050, 7.75, 358.60, 11.35, 51.25,  , -38.185260, -72.342497, 1.2
21:56:44, 1343, 1010, 86041, 5.90, 354.00, 11.32, 51.30,  ,  ,  , 1.1
21:56:45, 1344, 1011, 86033, 6.40, 12.60, 11.29, 51.25,  ,  ,  , 1.1
21:56:46, 1345, 1012, 86026, 6.40, 347.40, 11.29, 51.25,  , -38.185088, -72.342502, 1.0
21:56:47, 1346, 1013, 86010, 5.30, 3.20, 11.30, 51.35,  ,  ,  , 1.0
21:56:48, 1348, 1015, 85995, 6.40, 359.80, 11.35, 51.50,  ,  ,  , 1.0
21:56:49, 1349, 1016, 85980, 6.15, 347.10, 11.31, 51.60,  , -38.184927, -72.342517, 1.0
21:56:51, 1350, 1017, 85968, 6.65, 344.00, 11.35, 51.80,  ,  ,  , 0.9
21:56:52, 1351, 1018, 85962, 5.80, 1.10, 11.35, 51.90,  , -38.184755, -72.342537, 0.9
21:56:53, 1352, 1019, 85954, 6.50, 6.70, 11.41, 51.95,  ,  ,  , 0.9
21:56:54, 1353, 1020, 85946, 6.15, 342.40, 11.34, 52.05,  ,  ,  , 0.9
21:56:55, 1353, 1020, 85938, 5.80, 12.10, 11.33, 52.00,  , -38.184590, -72.342538, 0.9
21:56:56, 1354, 1021, 85932, 6.50, 359.00, 11.32, 52.15,  ,  ,  , 0.9
21:56:57, 1354, 1021, 85927, 5.10, 346.90, 11.26, 52.15,  ,  ,  , 0.9
21:56:58, 1355, 1022, 85922, 6.95, 12.80, 11.25, 52.20, 25.00, -38.184430, -72.342540, 0.8
21:56:59, 1356, 1023, 85909, 5.85, 351.30, 11.25, 52.25,  ,  ,  , 0.8
21:57:00, 1357, 1024, 85897, 5.55, 353.40, 11.22, 52.30,  ,  ,  , 0.8
21:57:01, 1358, 1025, 85886, 6.30, 7.90, 11.23, 52.35,  , -38.184270, -72.342543, 0.8
21:57:02, 1359, 1026, 85879, 6.05, 341.70, 11.20, 52.35,  ,  ,  , 0.8
21:57:03, 1360, 1027, 85872, 6.25, 6.70, 11.21, 52.40,  ,  ,  , 0.8
21:57:04, 1360, 1027, 85866, 5.70, 358.90, 11.28, 52.40,  , -38.184105, -72.342555, 0.8
21:57:06, 1362, 1029, 85852, 5.80, 14.30, 11.25, 52.50,  ,  ,  , 0.8
21:57:07, 1362, 1029, 85846, 6.55, 348.20, 11.23, 52.55,  , -38.183940, -72.342562, 0.7
21:57:12, 1367, 1034, 85800, 5.50, 7.10, 11.11, 52.60,  ,  ,  , 0.9
21:57:13, 1368, 1035, 85789, 6.00, 0.50, 11.09, 52.55,  ,  ,  , 0.9
21:57:14, 1369, 1036, 85778, 6.25, 0.30, 11.05, 52.60,  , -38.183605, -72.342577, 0.9
21:57:14, 1370, 1037, 85766, 5.75, 12.80, 11.04, 52.75,  ,  ,  , 0.9
21:57:15, 1371, 1038, 85755, 5.50, 356.10, 10.97, 52.80,  ,  ,  , 1.0
21:57:16, 1372, 1039, 85744, 5.05, 357.00, 10.94, 52.90,  , -38.183452, -72.342568, 1.0
21:57:17, 1374, 1041, 85725, 5.95, 359.60, 10.90, 53.00,  ,  ,  , 1.1
21:57:18, 1376, 1043, 85706, 5.95, 352.10, 10.87, 53.05,  ,  ,  , 1.2
21:57:19, 1378, 1045, 85688, 6.70, 6.40, 10.89, 53.10,  , -38.183287, -72.342578, 1.3
21:57:20, 1379, 1046, 85674, 6.20, 345.50, 10.92, 53.15,  ,  ,  , 1.3
21:57:21, 1380, 1047, 85661, 5.95, 4.60, 10.88, 53.15,  ,  ,  , 1.3
21:57:22, 1382, 1049, 85648, 5.80, 358.50, 10.85, 53.15,  , -38.183122, -72.342588, 1.3
21:57:24, 1384, 1051, 85626, 7.00, 2.10, 10.87, 53.15,  ,  ,  , 1.3
21:57:25, 1385, 1052, 85616, 5.05, 344.00, 10.82, 53.10, 25.00, -38.182965, -72.342603, 1.3
21:57:26, 1387, 1054, 85598, 6.55, 351.90, 10.82, 53.10,  ,  ,  , 1.4
21:57:27, 1388, 1055, 85581, 6.45, 355.40, 10.81, 53.15,  ,  ,  , 1.4
21:57:28, 1390, 1057, 85564, 4.95, 356.30, 10.79, 53.20,  , -38.182803, -72.342632, 1.4
21:57:29, 1391, 1058, 85550, 6.95, 3.90, 10.82, 53.20,  ,  ,  , 1.5
21:57:30, 1393, 1060, 85536, 5.45, 351.80, 10.78, 53.25,  ,  ,  , 1.4
21:57:31, 1394, 1061, 85522, 5.80, 5.40, 10.78, 53.25,  , -38.182642, -72.342633, 1.4
21:57:33, 1399, 1066, 85471, 4.75, 355.30, 10.75, 53.30,  ,  ,  , 1.5
21:57:34, 1401, 1068, 85446, 7.10, 9.50, 10.71, 53.30,  , -38.182477, -72.342622, 1.6
21:57:36, 1404, 1071, 85422, 4.75, 13.20, 10.74, 53.30,  ,  ,  , 1.7
21:57:37, 1405, 1072, 85410, 6.10, 5.90, 10.74, 53.35,  , -38.182322, -72.342610, 1.7
21:57:39, 1408, 1075, 85373, 5.70, 8.90, 10.74, 53.35,  ,  ,  , 1.7
21:57:40, 1410, 1077, 85356, 4.95, 353.20, 10.71, 53.35,  , -38.182190, -72.342603, 1.7
21:57:42, 1413, 1080, 85327, 5.90, 358.40, 10.66, 53.35,  ,  ,  , 1.7
21:57:43, 1414, 1081, 85314, 3.65, 9.80, 10.66, 53.40,  , -38.182060, -72.342592, 1.7
21:57:45, 1417, 1084, 85284, 4.40, 344.50, 10.62, 53.50,  ,  ,  , 1.7
21:57:46, 1419, 1086, 85270, 5.40, 0.80, 10.58, 53.50,  , -38.181933, -72.342598, 1.5
21:57:48, 1421, 1088, 85250, 4.25, 352.20, 10.57, 53.45,  ,  ,  , 1.4
21:57:49, 1422, 1089, 85240, 6.45, 342.50, 10.54, 53.45,  , -38.181787, -72.342625, 1.4
21:57:52, 1427, 1094, 85182, 6.75, 346.20, 10.48, 53.20, 24.25, -38.181633, -72.342655, 1.5
21:57:54, 1430, 1097, 85155, 6.15, 348.30, 10.44, 53.00,  ,  ,  , 1.4
21:57:55, 1431, 1098, 85142, 5.55, 349.40, 10.43, 52.90,  , -38.181487, -72.342683, 1.4
21:57:56, 1433, 1100, 85129, 4.20, 348.80, 10.44, 52.90,  ,  ,  , 1.4
21:57:57, 1434, 1101, 85116, 6.65, 353.70, 10.40, 52.80,  ,  ,  , 1.4
21:57:58, 1435, 1102, 85104, 4.25, 349.80, 10.40, 52.75,  , -38.181348, -72.342712, 1.4
21:57:59, 1436, 1103, 85089, 6.05, 344.80, 10.41, 52.70,  ,  ,  , 1.4
21:58:00, 1438, 1105, 85074, 6.15, 354.50, 10.43, 52.70,  ,  ,  , 1.4
21:58:01, 1439, 1106, 85060, 3.50, 344.70, 10.43, 52.65,  , -38.181203, -72.342747, 1.5
21:58:02, 1440, 1107, 85052, 6.30, 2.30, 10.41, 52.60,  ,  ,  , 1.4
21:58:03, 1441, 1108, 85045, 4.70, 349.60, 10.40, 52.55,  ,  ,  , 1.4
21:58:04, 1441, 1108, 85038, 4.50, 1.20, 10.38, 52.50,  , -38.181067, -72.342758, 1.2
21:58:05, 1443, 1110, 85021, 6.65, 0.10, 10.37, 52.55,  ,  ,  , 1.2
21:58:06, 1445, 1112, 85004, 3.75, 357.80, 10.32, 52.65,  ,  ,  , 1.2
21:58:07, 1446, 1113, 84988, 5.30, 2.30, 10.31, 52.70,  , -38.180928, -72.342762, 1.3
21:58:08, 1447, 1114, 84976, 5.15, 350.90, 10.27, 52.80,  ,  ,  , 1.2
21:58:09, 1449, 1116, 84965, 4.20, 7.00, 10.30, 52.90,  ,  ,  , 1.2
21:58:10, 1450, 1117, 84954, 5.90, 357.80, 10.34, 53.00,  , -38.180792, -72.342767, 1.2
21:58:11, 1451, 1118, 84940, 5.65, 4.70, 10.34, 53.10,  ,  ,  , 1.2
21:58:12, 1452, 1119, 84928, 4.55, 3.10, 10.28, 53.20,  ,  ,  , 1.2
21:58:13, 1453, 1120, 84916, 6.35, 359.50, 10.27, 53.30,  , -38.180643, -72.342762, 1.2
21:58:14, 1455, 1122, 84898, 5.45, 3.70, 10.22, 53.40,  ,  ,  , 1.3
21:58:15, 1457, 1124, 84881, 4.85, 348.30, 10.20, 53.45,  ,  ,  , 1.3
21:58:16, 1459, 1126, 84864, 6.05, 8.90, 10.15, 53.55,  , -38.180495, -72.342767, 1.4
21:58:17, 1460, 1127, 84850, 4.40, 355.80, 10.11, 53.70,  ,  ,  , 1.4
21:58:18, 1461, 1128, 84837, 5.90, 358.50, 10.10, 53.85,  ,  ,  , 1.4
21:58:19, 1462, 1129, 84824, 4.75, 16.40, 10.10, 53.90, 24.00, -38.180353, -72.342765, 1.3
21:58:21, 1465, 1132, 84794, 5.15, 4.20, 10.05, 53.95,  ,  ,  , 1.4
21:58:22, 1467, 1134, 84780, 5.25, 347.00, 10.05, 54.05,  , -38.180212, -72.342775, 1.4
21:58:23, 1468, 1135, 84766, 5.75, 355.10, 10.04, 54.05,  ,  ,  , 1.4
21:58:24, 1470, 1137, 84752, 3.80, 2.10, 10.00, 54.10,  ,  ,  , 1.4
21:58:25, 1471, 1138, 84738, 5.95, 349.80, 9.97, 54.15,  , -38.180077, -72.342793, 1.4
21:58:26, 1472, 1139, 84728, 5.40, 7.50, 9.93, 54.20,  ,  ,  , 1.4
21:58:27, 1473, 1140, 84718, 4.30, 359.40, 9.92, 54.25,  ,  ,  , 1.4
21:58:28, 1474, 1141, 84708, 5.60, 349.60, 9.92, 54.25,  , -38.179937, -72.342802, 1.3
21:58:29, 1475, 1142, 84697, 4.45, 12.80, 9.98, 54.25,  ,  ,  , 1.3
21:58:30, 1476, 1143, 84686, 5.75, 347.40, 10.00, 54.25,  ,  ,  , 1.2
21:58:31, 1477, 1144, 84676, 4.70, 358.40, 9.97, 54.20,  , -38.179798, -72.342810, 1.2
21:58:32, 1479, 1146, 84659, 4.45, 4.30, 10.03, 54.20,  ,  ,  , 1.2
21:58:33, 1480, 1147, 84643, 5.55, 342.60, 10.01, 54.15,  ,  ,  , 1.2
21:58:34, 1482, 1149, 84628, 4.85, 14.40, 9.95, 54.10,  , -38.179665, -72.342818, 1.2
21:58:36, 1486, 1153, 84589, 5.30, 353.30, 9.97, 54.10,  ,  ,  , 1.3
21:58:37, 1488, 1155, 84570, 4.85, 14.40, 10.00, 54.10,  , -38.179530, -72.342825, 1.4
21:58:38, 1489, 1156, 84556, 5.75, 339.50, 9.98, 54.10,  ,  ,  , 1.4
21:58:39, 1490, 1157, 84543, 5.45, 6.60, 9.93, 54.10,  ,  ,  , 1.4
21:58:40, 1492, 1159, 84530, 4.05, 0.80, 9.99, 54.15,  , -38.179393, -72.342835, 1.5
21:58:41, 1493, 1160, 84515, 4.80, 355.00, 9.96, 54.15,  ,  ,  , 1.5
21:58:42, 1494, 1161, 84500, 4.95, 10.30, 9.90, 54.10,  ,  ,  , 1.5
21:58:43, 1496, 1163, 84486, 4.10, 347.30, 9.86, 54.00,  , -38.179272, -72.342835, 1.6
21:58:44, 1497, 1164, 84470, 5.50, 9.40, 9.82, 53.80,  ,  ,  , 1.6
21:58:45, 1499, 1166, 84455, 5.20, 357.60, 9.78, 53.65,  ,  ,  , 1.6
21:58:46, 1500, 1167, 84440, 4.60, 357.40, 9.77, 53.50, 23.25, -38.179133, -72.342835, 1.5
21:58:47, 1502, 1169, 84422, 6.40, 12.90, 9.75, 53.45,  ,  ,  , 1.6
21:58:48, 1504, 1171, 84404, 4.75, 349.00, 9.73, 53.40,  ,  ,  , 1.5
21:58:49, 1506, 1173, 84386, 5.35, 10.30, 9.71, 53.35,  , -38.178985, -72.342828, 1.5
21:58:51, 1510, 1177, 84344, 4.85, 359.50, 9.71, 53.20,  ,  ,  , 1.6
21:58:52, 1512, 1179, 84324, 5.00, 10.60, 9.68, 53.10,  , -38.178845, -72.342817, 1.7
21:58:53, 1514, 1181, 84299, 5.55, 351.60, 9.63, 52.95,  ,  ,  , 1.8
21:58:54, 1517, 1184, 84276, 5.60, 9.10, 9.56, 52.75,  ,  ,  , 1.8
21:58:55, 1519, 1186, 84254, 5.55, 351.50, 9.55, 52.60,  , -38.178697, -72.342818, 1.9
21:58:56, 1521, 1188, 84234, 5.25, 4.80, 9.55, 52.35,  ,  ,  , 1.9
21:58:57, 1523, 1190, 84214, 5.10, 16.90, 9.63, 52.15,  ,  ,  , 2.0
21:58:58, 1525, 1192, 84194, 5.55, 352.90, 9.68, 51.95,  , -38.178553, -72.342803, 2.0
21:58:59, 1526, 1193, 84176, 4.15, 22.80, 9.70, 51.80,  ,  ,  , 2.0
21:59:00, 1528, 1195, 84159, 5.25, 6.00, 9.72, 51.75,  ,  ,  , 2.0
21:59:01, 1530, 1197, 84142, 5.10, 357.40, 9.70, 51.65,  , -38.178423, -72.342783, 2.0
21:59:02, 1532, 1199, 84123, 4.35, 28.30, 9.70, 51.60,  ,  ,  , 2.0
21:59:03, 1533, 1200, 84105, 5.65, 1.90, 9.70, 51.60,  ,  ,  , 2.0
21:59:04, 1535, 1202, 84088, 5.10, 10.10, 9.62, 51.50,  , -38.178292, -72.342755, 1.9
21:59:05, 1537, 1204, 84072, 4.35, 20.20, 9.57, 51.40,  ,  ,  , 1.9
21:59:06, 1538, 1205, 84057, 5.55, 359.60, 9.55, 51.20,  ,  ,  , 1.9
21:59:07, 1540, 1207, 84042, 4.25, 25.30, 9.55, 51.05,  , -38.178160, -72.342727, 1.8
21:59:08, 1542, 1209, 84022, 4.55, 8.40, 9.55, 50.85,  ,  ,  , 1.8
21:59:09, 1544, 1211, 84002, 5.30, 5.90, 9.53, 50.70,  ,  ,  , 1.8
21:59:10, 1546, 1213, 83982, 4.15, 26.00, 9.55, 50.55,  , -38.178037, -72.342695, 1.8
21:59:11, 1547, 1214, 83964, 6.10, 4.60, 9.55, 50.45,  ,  ,  , 1.8
21:59:12, 1549, 1216, 83947, 4.00, 13.30, 9.55, 50.35,  ,  ,  , 1.8
21:59:13, 1551, 1218, 83930, 3.60, 15.50, 9.55, 50.25, 23.00, -38.177912, -72.342663, 1.8
21:59:14, 1552, 1219, 83914, 4.90, 22.40, 9.53, 50.05,  ,  ,  , 1.7
21:59:15, 1554, 1221, 83899, 4.50, 29.80, 9.53, 49.80,  ,  ,  , 1.7
21:59:16, 1556, 1223, 83884, 4.90, 18.80, 9.55, 49.60,  , -38.177798, -72.342607, 1.7
21:59:17, 1557, 1224, 83868, 4.95, 24.20, 9.55, 49.40,  ,  ,  , 1.7
21:59:18, 1558, 1225, 83854, 3.45, 7.50, 9.55, 49.30,  ,  ,  , 1.7
21:59:19, 1560, 1227, 83840, 4.30, 27.10, 9.53, 49.15,  , -38.177690, -72.342558, 1.7
21:59:20, 1562, 1229, 83819, 3.85, 22.80, 9.53, 49.05,  ,  ,  , 1.7
21:59:21, 1564, 1231, 83798, 4.05, 358.50, 9.53, 49.00,  ,  ,  , 1.7
21:59:22, 1566, 1233, 83778, 4.60, 28.20, 9.53, 48.90,  , -38.177582, -72.342522, 1.7
21:59:23, 1567, 1234, 83767, 3.15, 13.10, 9.53, 48.80,  ,  ,  , 1.6
21:59:24, 1568, 1235, 83756, 3.95, 26.00, 9.53, 48.65,  ,  ,  , 1.6
21:59:25, 1569, 1236, 83746, 4.65, 31.30, 9.55, 48.60,  , -38.177482, -72.342467, 1.5
21:59:26, 1571, 1238, 83732, 3.40, 5.90, 9.55, 48.30,  ,  ,  , 1.5
21:59:27, 1572, 1239, 83719, 4.10, 10.90, 9.53, 48.05,  ,  ,  , 1.5
21:59:28, 1573, 1240, 83706, 4.10, 24.50, 9.55, 47.70,  , -38.177377, -72.342430, 1.5
21:59:29, 1574, 1241, 83693, 2.65, 12.60, 9.56, 47.40,  ,  ,  , 1.5
21:59:30, 1576, 1243, 83680, 4.75, 23.50, 9.55, 47.05,  ,  ,  , 1.4
21:59:31, 1577, 1244, 83668, 3.90, 24.70, 9.57, 46.75,  , -38.177282, -72.342382, 1.4
21:59:32, 1578, 1245, 83654, 3.05, 8.40, 9.61, 46.50,  ,  ,  , 1.4
21:59:33, 1580, 1247, 83641, 5.10, 26.40, 9.63, 46.25,  ,  ,  , 1.4
21:59:34, 1581, 1248, 83628, 2.45, 11.90, 9.68, 46.00,  , -38.177183, -72.342337, 1.3
21:59:36, 1582, 1249, 83614, 4.45, 27.00, 9.74, 45.65,  ,  ,  , 1.2
21:59:37, 1583, 1250, 83608, 2.60, 359.90, 9.68, 45.50,  , -38.177088, -72.342303, 1.1
21:59:38, 1585, 1252, 83589, 5.40, 29.20, 9.64, 45.35,  ,  ,  , 1.2
21:59:39, 1587, 1254, 83570, 3.55, 20.80, 9.61, 45.30,  ,  ,  , 1.2
21:59:40, 1589, 1256, 83552, 3.10, 18.20, 9.55, 45.25, 22.50, -38.176990, -72.342255, 1.3
21:59:41, 1590, 1257, 83540, 4.85, 33.00, 9.55, 45.20,  ,  ,  , 1.3
21:59:42, 1591, 1258, 83529, 3.30, 10.60, 9.55, 45.15,  ,  ,  , 1.3
21:59:43, 1592, 1259, 83518, 3.95, 21.70, 9.55, 45.10,  , -38.176892, -72.342205, 1.2
21:59:44, 1593, 1260, 83504, 4.70, 38.40, 9.55, 45.10,  ,  ,  , 1.3
21:59:45, 1595, 1262, 83490, 3.45, 4.20, 9.53, 45.05,  ,  ,  , 1.3
21:59:46, 1596, 1263, 83476, 4.90, 36.00, 9.53, 45.05,  , -38.176793, -72.342147, 1.3
21:59:47, 1597, 1264, 83465, 4.20, 17.20, 9.53, 45.00,  ,  ,  , 1.3
21:59:48, 1598, 1265, 83454, 4.55, 15.70, 9.53, 45.00,  ,  ,  , 1.2
21:59:49, 1599, 1266, 83444, 4.30, 41.00, 9.53, 45.00,  , -38.176687, -72.342088, 1.3
21:59:51, 1602, 1269, 83418, 4.15, 16.50, 9.53, 45.05,  ,  ,  , 1.3
21:59:52, 1603, 1270, 83406, 3.45, 38.50, 9.53, 45.05,  , -38.176587, -72.342035, 1.2
21:59:53, 1604, 1271, 83397, 4.55, 9.60, 9.53, 45.05,  ,  ,  , 1.2
21:59:54, 1605, 1272, 83388, 3.80, 23.80, 9.53, 45.00,  ,  ,  , 1.2
21:59:55, 1606, 1273, 83380, 3.40, 25.30, 9.53, 45.00,  , -38.176483, -72.341988, 1.2
21:59:56, 1607, 1274, 83369, 5.05, 22.50, 9.53, 45.00,  ,  ,  , 1.1
21:59:57, 1608, 1275, 83358, 3.20, 39.50, 9.52, 45.00,  ,  ,  , 1.1
21:59:58, 1609, 1276, 83348, 4.85, 21.40, 9.52, 45.00,  , -38.176383, -72.341927, 1.1
21:59:59, 1611, 1278, 83332, 4.70, 32.00, 9.49, 45.00,  ,  ,  , 1.1
22:00:00, 1612, 1279, 83316, 3.10, 16.00, 9.52, 45.05,  ,  ,  , 1.2
22:00:01, 1614, 1281, 83300, 5.95, 28.80, 9.45, 45.05,  , -38.176272, -72.341867, 1.2
22:00:03, 1616, 1283, 83279, 4.60, 12.90, 9.40, 45.00,  ,  ,  , 1.2
22:00:04, 1617, 1284, 83270, 4.75, 37.60, 9.33, 45.00,  , -38.176158, -72.341807, 1.1
22:00:06, 1619, 1286, 83242, 4.70, 27.10, 9.29, 45.05,  ,  ,  , 1.2
22:00:07, 1621, 1288, 83228, 3.65, 28.70, 9.26, 45.05, 22.50, -38.176048, -72.341752, 1.2
22:00:09, 1623, 1290, 83202, 4.00, 36.90, 9.22, 45.10,  ,  ,  , 1.3
22:00:10, 1625, 1292, 83190, 4.45, 10.20, 9.22, 45.10,  , -38.175937, -72.341700, 1.3
22:00:13, 1627, 1294, 83164, 3.05, 22.50, 9.23, 45.10,  ,  ,  , 1.2
22:00:14, 1629, 1296, 83152, 5.30, 23.20, 9.22, 45.10,  , -38.175827, -72.341647, 1.2
22:00:15, 1631, 1298, 83128, 4.30, 11.40, 9.23, 45.05,  ,  ,  , 1.3
22:00:16, 1632, 1299, 83116, 4.65, 35.40, 9.28, 45.00,  , -38.175710, -72.341588, 1.3
22:00:18, 1635, 1302, 83086, 4.65, 24.30, 9.23, 44.90,  ,  ,  , 1.3
22:00:19, 1637, 1304, 83072, 4.55, 32.00, 9.19, 44.85,  , -38.175598, -72.341530, 1.3
22:00:22, 1640, 1307, 83036, 4.25, 12.80, 9.21, 44.65,  , -38.175483, -72.341478, 1.3
22:00:25, 1644, 1311, 83000, 5.55, 18.90, 9.22, 44.50,  , -38.175370, -72.341417, 1.3
22:00:27, 1645, 1312, 82989, 4.35, 31.40, 9.19, 44.45,  ,  ,  , 1.3
22:00:28, 1646, 1313, 82978, 4.00, 25.90, 9.16, 44.30,  ,  ,  , 1.2
22:00:29, 1647, 1314, 82968, 6.40, 26.00, 9.17, 44.15,  , -38.175250, -72.341343, 1.2
22:00:29, 1648, 1315, 82955, 3.60, 22.30, 9.19, 43.95,  ,  ,  , 1.2
22:00:30, 1650, 1317, 82942, 4.90, 23.70, 9.17, 43.75,  ,  ,  , 1.2
22:00:31, 1651, 1318, 82930, 5.35, 35.00, 9.23, 43.60,  , -38.175133, -72.341273, 1.2
22:00:32, 1652, 1319, 82920, 5.00, 16.80, 9.24, 43.45,  ,  ,  , 1.2
22:00:33, 1653, 1320, 82911, 6.10, 27.30, 9.24, 43.25,  ,  ,  , 1.2
22:00:34, 1654, 1321, 82902, 4.10, 31.60, 9.26, 42.85, 22.25, -38.175003, -72.341197, 1.1
22:00:35, 1654, 1321, 82893, 5.00, 20.70, 9.26, 42.45,  ,  ,  , 1.1
22:00:36, 1655, 1322, 82884, 6.25, 35.70, 9.31, 41.90,  ,  ,  , 1.1
22:00:37, 1656, 1323, 82876, 4.20, 16.70, 9.31, 41.45,  , -38.174880, -72.341117, 1.0
22:00:38, 1657, 1324, 82865, 5.55, 30.40, 9.29,  ,  ,  ,  , 1.0
22:00:39, 1658, 1325, 82854, 5.70, 39.30, 9.32, 40.50,  ,  ,  , 1.0
22:00:40, 1659, 1326, 82844, 4.30, 15.70, 9.33, 40.15,  , -38.174758, -72.341028, 1.0
22:00:41, 1660, 1327, 82836, 6.40, 37.60, 9.32, 39.75,  ,  ,  , 1.0
22:00:42, 1661, 1328, 82828, 4.60, 29.90, 9.31, 39.35,  ,  ,  , 1.0
22:00:43, 1662, 1329, 82820, 4.90, 23.30, 9.31, 39.00,  , -38.174637, -72.340943, 0.9
22:00:44, 1663, 1330, 82811, 6.20, 40.50, 9.32, 38.65,  ,  ,  , 0.9
22:00:45, 1664, 1331, 82802, 4.55, 18.20, 9.33, 38.35,  ,  ,  , 0.9
22:00:46, 1664, 1331, 82794, 5.75, 36.00, 9.33, 38.05,  , -38.174513, -72.340855, 0.9
22:00:47, 1665, 1332, 82783, 5.40, 36.70, 9.32, 37.75,  ,  ,  , 0.9
22:00:48, 1667, 1334, 82772, 4.80, 20.90, 9.33, 37.50,  ,  ,  , 0.9
22:00:49, 1668, 1335, 82762, 6.05, 45.90, 9.36, 37.20,  , -38.174393, -72.340755, 0.9
22:00:51, 1669, 1336, 82745, 5.40, 32.30, 9.38, 36.60,  ,  ,  , 0.9
22:00:52, 1670, 1337, 82738, 5.65, 46.40, 9.40, 36.30,  , -38.174275, -72.340648, 0.9
22:00:53, 1671, 1338, 82725, 4.90, 18.70, 9.42, 36.00,  ,  ,  , 0.9
22:00:54, 1673, 1340, 82712, 5.60, 42.90, 9.46, 35.70,  ,  ,  , 1.0
22:00:55, 1674, 1341, 82700, 6.00, 44.00, 9.49, 35.45,  , -38.174157, -72.340540, 1.0
22:00:56, 1675, 1342, 82689, 4.80, 34.40, 9.52, 35.20,  ,  ,  , 1.0
22:00:57, 1676, 1343, 82678, 6.30, 44.50, 9.53, 34.95,  ,  ,  , 1.0
22:00:58, 1677, 1344, 82668, 5.55, 24.50, 9.53, 34.70,  , -38.174037, -72.340423, 1.0
22:00:59, 1678, 1345, 82659, 5.05, 50.30, 9.53, 34.45,  ,  ,  , 1.0
22:01:00, 1679, 1346, 82651, 6.20, 43.50, 9.53, 34.25,  ,  ,  , 1.0
22:01:01, 1679, 1346, 82644, 6.10, 27.90, 9.53, 34.05, 22.00, -38.173918, -72.340302, 1.0
22:01:02, 1680, 1347, 82634, 5.20, 51.20, 9.53, 33.85,  ,  ,  , 1.0
22:01:03, 1681, 1348, 82625, 5.85, 32.60, 9.55, 33.65,  ,  ,  , 1.0
22:01:04, 1682, 1349, 82616, 6.30, 32.40, 9.53, 33.55,  , -38.173795, -72.340183, 1.0
22:01:06, 1684, 1351, 82595, 6.55, 33.30, 9.55, 33.30,  ,  ,  , 1.0
22:01:07, 1685, 1352, 82586, 5.85, 39.70, 9.55, 33.20,  , -38.173670, -72.340057, 1.0
22:01:08, 1686, 1353, 82577, 4.80, 42.00, 9.55, 33.05,  ,  ,  , 0.9
22:01:09, 1687, 1354, 82568, 7.10, 39.80, 9.55, 32.95,  ,  ,  , 0.9
22:01:10, 1688, 1355, 82560, 5.20, 38.40, 9.55, 32.90,  , -38.173547, -72.339932, 0.9
22:01:11, 1689, 1356, 82550, 5.60, 33.30, 9.55, 32.80,  ,  ,  , 0.9
22:01:12, 1690, 1357, 82540, 6.50, 48.70, 9.55, 32.70,  ,  ,  , 0.9
22:01:13, 1691, 1358, 82530, 5.35, 31.40, 9.55, 32.65,  , -38.173423, -72.339807, 0.9
22:01:14, 1692, 1359, 82518, 6.75, 36.20, 9.55, 32.60,  ,  ,  , 1.0
22:01:15, 1693, 1360, 82508, 4.90, 43.90, 9.55, 32.60,  ,  ,  , 1.0
22:01:16, 1694, 1361, 82498, 5.75, 30.30, 9.53, 32.50,  , -38.173295, -72.339690, 1.0
22:01:18, 1697, 1364, 82471, 5.10, 29.80, 9.53, 32.45,  ,  ,  , 1.0
22:01:19, 1698, 1365, 82458, 6.30, 41.10, 9.53, 32.40,  , -38.173173, -72.339562, 1.1
22:01:20, 1699, 1366, 82447, 5.80, 44.20, 9.53, 32.35,  ,  ,  , 1.1
22:01:21, 1700, 1367, 82436, 6.40, 28.30, 9.53, 32.35,  ,  ,  , 1.1
22:01:22, 1701, 1368, 82426, 5.80, 48.50, 9.53, 32.30,  , -38.173047, -72.339437, 1.1
22:01:24, 1702, 1369, 82419, 5.95, 37.90, 9.53, 32.25,  ,  ,  , 1.1
22:01:25, 1703, 1370, 82413, 6.95, 42.90, 9.53, 32.25,  ,  ,  , 1.1
22:01:26, 1703, 1370, 82408, 5.70, 43.10, 9.49, 32.20,  , -38.172923, -72.339295, 1.0
22:01:26, 1705, 1372, 82394, 7.00, 38.50, 9.52, 32.20,  ,  ,  , 1.0
22:01:27, 1706, 1373, 82380, 6.25, 46.90, 9.53, 32.20,  ,  ,  , 1.1
22:01:28, 1708, 1375, 82366, 5.35, 36.70, 9.53, 32.20, 22.00, -38.172797, -72.339155, 1.1
22:01:29, 1708, 1375, 82360, 7.30, 44.10, 9.53, 32.25,  ,  ,  , 1.1
22:01:30, 1709, 1376, 82355, 6.40, 44.60, 9.53, 32.25,  ,  ,  , 1.0
22:01:31, 1709, 1376, 82350, 5.95, 35.30, 9.53, 32.15,  , -38.172670, -72.339008, 0.9
22:01:33, 1711, 1378, 82333, 7.80, 52.70, 9.53, 32.15,  ,  ,  , 1.0
22:01:34, 1712, 1379, 82317, 6.10, 35.30, 9.53, 32.15,  ,  ,  , 1.0
22:01:35, 1714, 1381, 82302, 6.75, 39.60, 9.53, 32.15,  , -38.172537, -72.338853, 1.0
22:01:35, 1715, 1382, 82291, 6.60, 53.30, 9.53, 32.15,  ,  ,  , 1.0
22:01:36, 1716, 1383, 82280, 6.85, 32.70, 9.53, 32.15,  ,  ,  , 1.1
22:01:37, 1717, 1384, 82270, 6.35, 45.00, 9.53, 32.15,  , -38.172405, -72.338698, 1.1
22:01:39, 1718, 1385, 82264, 5.95, 44.30, 9.53, 32.15,  ,  ,  , 1.1
22:01:40, 1718, 1385, 82259, 7.85, 44.10, 9.53, 32.15,  ,  ,  , 1.0
22:01:41, 1719, 1386, 82254, 5.55, 44.00, 9.53, 32.15,  , -38.172280, -72.338543, 0.9
22:01:41, 1720, 1387, 82239, 6.80, 44.30, 9.53, 32.15,  ,  ,  , 1.0
22:01:42, 1722, 1389, 82223, 7.05, 50.50, 9.53, 32.15,  ,  ,  , 1.1
22:01:43, 1724, 1391, 82208, 6.50, 34.10, 9.53, 32.15,  , -38.172148, -72.338385, 1.1
22:01:44, 1725, 1392, 82197, 6.70, 47.30, 9.53, 32.15,  ,  ,  , 1.2
22:01:45, 1726, 1393, 82186, 5.95, 47.10, 9.53, 32.15,  ,  ,  , 1.1
22:01:46, 1727, 1394, 82176, 7.95, 43.30, 9.53, 32.15,  , -38.172020, -72.338227, 1.1
22:01:47, 1728, 1395, 82164, 5.75, 50.80, 9.53, 32.05,  ,  ,  , 1.1
22:01:48, 1729, 1396, 82153, 7.00, 43.90, 9.53, 32.05,  ,  ,  , 1.1
22:01:49, 1730, 1397, 82142, 7.45, 51.60, 9.53, 32.00,  , -38.171892, -72.338058, 1.1
22:01:51, 1732, 1399, 82121, 7.05, 50.90, 9.53, 31.90,  ,  ,  , 1.1
22:01:52, 1733, 1400, 82112, 6.20, 50.80, 9.53, 31.85,  , -38.171777, -72.337897, 1.1
22:01:54, 1736, 1403, 82089, 6.35, 56.70, 9.53, 31.60,  ,  ,  , 1.1
22:01:55, 1737, 1404, 82078, 6.45, 40.70, 9.55, 31.50, 22.00, -38.171655, -72.337733, 1.1
22:01:57, 1737, 1404, 82070, 6.85, 49.80, 9.53, 31.45,  ,  ,  , 1.1
22:01:58, 1738, 1405, 82063, 5.00, 43.40, 9.53, 31.30,  ,  ,  , 1.0
22:01:59, 1739, 1406, 82056, 6.90, 47.90, 9.53, 31.20,  , -38.171540, -72.337580, 1.0
22:01:59, 1740, 1407, 82040, 6.15, 53.00, 9.53, 31.10,  ,  ,  , 1.0
22:02:00, 1742, 1409, 82025, 6.40, 34.80, 9.53, 31.00,  ,  ,  , 1.1
22:02:01, 1744, 1411, 82010, 6.00, 54.60, 9.55, 30.90,  , -38.171420, -72.337425, 1.1
22:02:03, 1745, 1412, 81998, 5.50, 47.00, 9.55, 30.75,  ,  ,  , 1.1
22:02:04, 1746, 1413, 81987, 7.20, 44.40, 9.55, 30.70,  ,  ,  , 1.1
22:02:05, 1747, 1414, 81976, 4.80, 50.50, 9.60, 30.60,  , -38.171312, -72.337272, 1.1
22:02:06, 1748, 1415, 81965, 6.45, 53.10, 9.59, 30.40,  ,  ,  , 1.1
22:02:07, 1749, 1416, 81960, 5.45, 39.70, 9.61, 30.30,  , -38.171203, -72.337123, 1.0
22:02:08, 1750, 1417, 81944, 5.80, 48.10, 9.64, 30.25,  ,  ,  , 1.0
22:02:09, 1752, 1419, 81928, 4.95, 54.40, 9.66, 30.20,  ,  ,  , 1.1
22:02:10, 1754, 1421, 81912, 6.25, 40.40, 9.69, 30.10,  , -38.171103, -72.336982, 1.2
22:02:11, 1755, 1422, 81899, 5.30, 58.60, 9.78, 30.05,  ,  ,  , 1.2
22:02:12, 1756, 1423, 81886, 5.50, 40.80, 9.78, 29.90,  ,  ,  , 1.2
22:02:13, 1757, 1424, 81874, 6.60, 52.30, 9.85, 29.80,  , -38.170997, -72.336837, 1.2
22:02:15, 1758, 1425, 81863, 4.60, 42.70, 9.85, 29.70,  ,  ,  , 1.1
22:02:16, 1760, 1427, 81852, 6.20, 44.20, 9.84, 29.60,  ,  ,  , 1.1
22:02:17, 1761, 1428, 81842, 5.75, 56.90, 9.87, 29.50,  , -38.170893, -72.336690, 1.1
22:02:17, 1762, 1429, 81830, 5.50, 34.00, 9.87, 29.45,  ,  ,  , 1.1
22:02:18, 1763, 1430, 81818, 5.65, 55.00, 9.88, 29.35,  ,  ,  , 1.2
22:02:19, 1764, 1431, 81806, 5.00, 48.70, 9.90, 29.25,  , -38.170793, -72.336550, 1.3
22:02:21, 1767, 1434, 81778, 4.25, 60.80, 9.92, 29.00,  ,  ,  , 1.3
22:02:22, 1769, 1436, 81764, 5.55, 43.50, 9.97, 28.90, 22.00, -38.170702, -72.336417, 1.3
22:02:23, 1770, 1437, 81752, 5.80, 51.10, 10.07, 28.75,  ,  ,  , 1.3
22:02:24, 1771, 1438, 81741, 4.10, 45.00, 10.08, 28.55,  ,  ,  , 1.2
22:02:25, 1772, 1439, 81730, 5.65, 46.50, 10.14, 28.35,  , -38.170600, -72.336285, 1.2
22:02:27, 1773, 1440, 81719, 4.90, 55.40, 10.19, 28.20,  ,  ,  , 1.2
22:02:28, 1774, 1441, 81708, 4.45, 34.60, 10.19, 28.00,  ,  ,  , 1.2
22:02:29, 1775, 1442, 81698, 5.65, 63.00, 10.25, 27.85,  , -38.170513, -72.336160, 1.2
22:02:29, 1777, 1444, 81684, 4.00, 39.60, 10.25, 27.70,  ,  ,  , 1.2
22:02:30, 1778, 1445, 81670, 5.10, 45.20, 10.31, 27.55,  ,  ,  , 1.3
22:02:31, 1780, 1447, 81656, 4.00, 59.30, 10.34, 27.40,  , -38.170430, -72.336042, 1.3
22:02:33, 1782, 1449, 81633, 4.65, 56.60, 10.44, 27.15,  ,  ,  , 1.3
22:02:34, 1783, 1450, 81622, 4.00, 40.90, 10.44, 27.05,  , -38.170342, -72.335918, 1.2
22:02:36, 1786, 1453, 81596, 4.25, 44.90, 10.46, 26.80,  ,  ,  , 1.2
22:02:37, 1787, 1454, 81584, 4.75, 40.80, 10.45, 26.70,  , -38.170257, -72.335795, 1.2
22:02:40, 1791, 1458, 81546, 4.55, 48.10, 10.43, 26.50,  , -38.170177, -72.335677, 1.3
22:02:42, 1793, 1460, 81523, 4.70, 40.40, 10.38, 26.35,  ,  ,  , 1.3
22:02:43, 1794, 1461, 81512, 3.80, 60.60, 10.34, 26.25,  , -38.170108, -72.335583, 1.2
22:02:45, 1798, 1465, 81481, 4.00, 54.50, 10.34, 26.15,  ,  ,  , 1.3
22:02:46, 1799, 1466, 81466, 3.15, 65.60, 10.36, 26.10,  , -38.170055, -72.335480, 1.3
22:02:48, 1803, 1470, 81432, 2.70, 38.80, 10.38, 26.05,  ,  ,  , 1.4
22:02:49, 1804, 1471, 81416, 3.65, 41.60, 10.38, 26.00, 22.00, -38.169990, -72.335398, 1.4
22:02:52, 1808, 1475, 81378, 4.50, 45.80, 10.36, 25.80,  , -38.169932, -72.335307, 1.4
22:02:54, 1810, 1477, 81361, 3.55, 62.00, 10.47, 25.90,  ,  ,  , 1.4
22:02:55, 1811, 1478, 81345, 3.05, 28.00, 10.44, 25.90,  ,  ,  , 1.5
22:02:56, 1813, 1480, 81330, 4.15, 54.50, 10.48, 25.85,  , -38.169863, -72.335217, 1.5
22:02:56, 1815, 1482, 81316, 2.40, 56.00, 10.48, 25.75,  ,  ,  , 1.5
22:02:57, 1816, 1483, 81301, 4.10, 43.80, 10.48, 25.70,  ,  ,  , 1.5
22:02:58, 1818, 1485, 81286, 3.15, 66.70, 10.50, 25.65,  , -38.169808, -72.335125, 1.5
22:02:59, 1819, 1486, 81271, 3.35, 30.80, 10.48, 25.70,  ,  ,  , 1.5
22:03:00, 1820, 1487, 81257, 3.45, 63.40, 10.48, 25.70,  ,  ,  , 1.5
22:03:01, 1822, 1489, 81244, 2.35, 60.70, 10.48, 25.65,  , -38.169757, -72.335042, 1.5
22:03:05, 1830, 1497, 81162, 3.95, 59.80, 10.48, 25.50,  ,  ,  , 1.7
22:03:06, 1832, 1499, 81142, 1.75, 50.30, 10.48, 25.50,  ,  ,  , 1.7
22:03:07, 1834, 1501, 81122, 3.60, 58.60, 10.48, 25.50,  , -38.169660, -72.334863, 1.8
22:03:08, 1836, 1503, 81104, 2.60, 77.10, 10.48, 25.55,  ,  ,  , 1.8
22:03:09, 1838, 1505, 81087, 2.10, 62.30, 10.48, 25.50,  ,  ,  , 1.8
22:03:10, 1840, 1507, 81070, 3.90, 53.00, 10.48, 25.45,  , -38.169625, -72.334777, 1.8
22:03:11, 1842, 1509, 81051, 1.45, 101.70, 10.48, 25.40,  ,  ,  , 1.9
22:03:12, 1844, 1511, 81033, 2.45, 78.20, 10.47, 25.40,  ,  ,  , 1.9
22:03:13, 1845, 1512, 81016, 2.80, 67.10, 10.46, 25.35,  , -38.169610, -72.334702, 1.9
22:03:14, 1847, 1514, 81001, 1.20, 38.90, 10.44, 25.40,  ,  ,  , 1.9
22:03:15, 1848, 1515, 80986, 3.05, 67.90, 10.48, 25.35,  ,  ,  , 1.9
22:03:16, 1850, 1517, 80972, 1.75, 76.00, 10.49, 25.35, 22.00, -38.169583, -72.334637, 1.9
22:03:17, 1851, 1518, 80961, 2.20, 31.70, 10.48, 25.30,  ,  ,  , 1.7
22:03:18, 1852, 1519, 80950, 3.15, 84.90, 10.48, 25.30,  ,  ,  , 1.6
22:03:19, 1853, 1520, 80940, 2.30, 65.20, 10.46, 25.25,  , -38.169558, -72.334568, 1.6
22:03:20, 1855, 1522, 80919, 2.90, 59.40, 10.46, 25.25,  ,  ,  , 1.6
22:03:21, 1857, 1524, 80898, 2.90, 100.10, 10.42, 25.20,  ,  ,  , 1.6
22:03:22, 1860, 1527, 80878, 3.30, 50.80, 10.43, 25.20,  , -38.169535, -72.334483, 1.6
22:03:23, 1862, 1529, 80856, 2.50, 106.20, 10.41, 25.20,  ,  ,  , 1.7
22:03:24, 1864, 1531, 80834, 1.75, 90.80, 10.42, 25.20,  ,  ,  , 1.7
22:03:25, 1866, 1533, 80812, 2.45, 64.80, 10.42, 25.20,  , -38.169530, -72.334412, 1.8
22:03:26, 1868, 1535, 80793, 2.30, 117.10, 10.40, 25.20,  ,  ,  , 1.8
22:03:27, 1870, 1537, 80775, 2.40, 62.00, 10.35, 25.15,  ,  ,  , 1.8
22:03:28, 1872, 1539, 80758, 2.40, 76.60, 10.34, 25.15,  , -38.169525, -72.334340, 1.8
22:03:29, 1873, 1540, 80743, 1.75, 120.00, 10.36, 25.15,  ,  ,  , 1.8
22:03:30, 1875, 1542, 80728, 1.90, 63.10, 10.35, 25.20,  ,  ,  , 1.9
22:03:31, 1877, 1544, 80714, 1.90, 96.60, 10.33, 25.20,  , -38.169523, -72.334278, 1.9
22:03:33, 1880, 1547, 80676, 2.65, 114.70, 10.34, 25.20,  ,  ,  , 1.9
22:03:34, 1882, 1549, 80658, 1.45, 103.00, 10.35, 25.20,  , -38.169528, -72.334205, 1.9
22:03:35, 1884, 1551, 80640,  ,  , 10.38, 25.20,  ,  ,  , 1.9
22:03:36, 1886, 1553, 80624,  ,  , 10.40, 25.20,  ,  ,  , 1.8
22:03:37, 1887, 1554, 80608,  ,  , 10.40, 25.15,  ,  ,  , 1.8
22:03:38, 1889, 1556, 80592, 2.90, 120.10, 10.43, 25.15,  ,  ,  , 1.7
22:03:39, 1891, 1558, 80577, 2.15, 79.20, 10.40, 25.15,  ,  ,  , 1.7
22:03:40, 1892, 1559, 80562, 2.95, 118.00, 10.42, 25.10,  , -38.169555, -72.334042, 1.7
22:03:42, 1894, 1561, 80545, 2.00, 108.70, 10.41, 25.15,  ,  ,  , 1.7
22:03:43, 1896, 1563, 80528, 3.30, 91.90, 10.43, 25.15,  ,  ,  , 1.7
22:03:44, 1897, 1564, 80512, 1.95, 135.50, 10.43, 25.15, 22.25, -38.169577, -72.333963, 1.7
22:03:44, 1899, 1566, 80496, 2.50, 75.90, 10.41, 25.15,  ,  ,  , 1.7
22:03:45, 1901, 1568, 80480, 2.80, 112.20, 10.41, 25.10,  ,  ,  , 1.7
22:03:46, 1902, 1569, 80464, 1.10, 128.30, 10.40, 25.10,  , -38.169593, -72.333897, 1.7
22:03:51, 1911, 1578, 80384, 0.05, 116.20, 10.34, 25.05,  ,  ,  , 1.7
22:03:52, 1912, 1579, 80368, 2.55, 112.20, 10.31, 25.05,  , -38.169633, -72.333768, 1.7
22:03:53, 1914, 1581, 80351, 2.65, 133.30, 10.31, 25.05,  ,  ,  , 1.7
22:03:54, 1916, 1583, 80335, 2.40, 84.40, 10.26, 25.05,  ,  ,  , 1.7
22:03:55, 1917, 1584, 80320, 2.90, 120.10, 10.20, 25.05,  , -38.169663, -72.333693, 1.7
22:03:56, 1919, 1586, 80302, 1.80, 140.90, 10.19, 25.05,  ,  ,  , 1.7
22:03:57, 1921, 1588, 80284, 3.50, 104.00, 10.22, 25.10,  ,  ,  , 1.7
22:03:58, 1923, 1590, 80266, 2.10, 129.80, 10.25, 25.10,  , -38.169697, -72.333623, 1.7
22:04:00, 1926, 1593, 80233, 3.35, 123.80, 10.21, 25.10,  ,  ,  , 1.7
22:04:01, 1928, 1595, 80218, 1.45, 118.70, 10.19, 25.10,  , -38.169720, -72.333552, 1.7
22:04:02, 1930, 1597, 80200, 3.70, 106.70, 10.19, 25.15,  ,  ,  , 1.7
22:04:03, 1932, 1599, 80183, 2.35, 116.80, 10.20, 25.15,  ,  ,  , 1.7
22:04:04, 1933, 1600, 80166, 2.05, 85.90, 10.16, 25.15,  , -38.169740, -72.333468, 1.7
22:04:05, 1935, 1602, 80149, 3.90, 121.50, 10.16, 25.15,  ,  ,  , 1.7
22:04:06, 1937, 1604, 80133, 2.15, 85.80, 10.15, 25.20,  ,  ,  , 1.7
22:04:07, 1938, 1605, 80118, 2.45, 119.40, 10.15, 25.20,  , -38.169763, -72.333382, 1.7
22:04:08, 1940, 1607, 80100, 2.60, 143.00, 10.11, 25.20,  ,  ,  , 1.8
22:04:09, 1942, 1609, 80082, 2.60, 97.10, 10.04, 25.15,  ,  ,  , 1.8
22:04:10, 1944, 1611, 80064, 2.10, 145.20, 10.04, 25.20, 22.00, -38.169802, -72.333318, 1.8
22:04:11, 1946, 1613, 80048, 2.25, 104.30, 10.00, 25.20,  ,  ,  , 1.7
22:04:12, 1947, 1614, 80033, 3.05, 113.40, 10.01, 25.25,  ,  ,  , 1.7
22:04:13, 1949, 1616, 80018, 1.50, 151.80, 10.00, 25.30,  , -38.169828, -72.333250, 1.7
22:04:14, 1950, 1617, 80006, 3.25, 105.90, 10.02, 25.30,  ,  ,  , 1.7
22:04:15, 1951, 1618, 79994, 2.75, 131.00, 10.05, 25.35,  ,  ,  , 1.7
22:04:16, 1953, 1620, 79982, 2.15, 92.60, 10.04, 25.35,  , -38.169857, -72.333173, 1.6
22:04:23, 1965, 1632, 79865, 1.70, 106.00, 9.87, 25.40,  ,  ,  , 1.6
22:04:24, 1966, 1633, 79848, 2.95, 110.90, 9.85, 25.40,  ,  ,  , 1.6
22:04:25, 1968, 1635, 79832, 3.10, 140.40, 9.85, 25.45,  , -38.169958, -72.332933, 1.6
22:04:26, 1970, 1637, 79814, 2.80, 87.30, 9.84, 25.40,  ,  ,  , 1.7
22:04:27, 1972, 1639, 79797, 3.25, 130.00, 9.89, 25.45,  ,  ,  , 1.7
22:04:28, 1974, 1641, 79780, 2.00, 126.70, 9.83, 25.45,  , -38.169992, -72.332852, 1.8
22:04:29, 1975, 1642, 79764, 3.65, 103.20, 9.84, 25.45,  ,  ,  , 1.7
22:04:30, 1977, 1644, 79749, 2.65, 141.40, 9.82, 25.45,  ,  ,  , 1.7
22:04:31, 1978, 1645, 79734, 2.65, 94.20, 9.76, 25.50,  , -38.170023, -72.332770, 1.7
22:04:32, 1980, 1647, 79721, 3.30, 122.70, 9.76, 25.50,  ,  ,  , 1.7
22:04:33, 1981, 1648, 79708, 1.45, 128.00, 9.74, 25.55,  ,  ,  , 1.7
22:04:34, 1982, 1649, 79696, 3.90, 110.20, 9.74, 25.55,  , -38.170057, -72.332687, 1.7
22:04:36, 1985, 1652, 79666, 2.30, 99.80, 9.69, 25.55,  ,  ,  , 1.6
22:04:37, 1987, 1654, 79652, 3.80, 134.70, 9.69, 25.60, 22.00, -38.170095, -72.332603, 1.6
22:04:38, 1988, 1655, 79640, 2.05, 99.30, 9.68, 25.60,  ,  ,  , 1.5
22:04:39, 1989, 1656, 79629, 3.25, 112.00, 9.57, 25.60,  ,  ,  , 1.4
22:04:40, 1990, 1657, 79618, 2.05, 147.60, 9.55, 25.60,  , -38.170132, -72.332527, 1.4
22:04:41, 1992, 1659, 79604, 3.35, 101.70, 9.53, 25.55,  ,  ,  , 1.4
22:04:42, 1993, 1660, 79591, 2.95, 130.90, 9.53, 25.60,  ,  ,  , 1.4
22:04:43, 1995, 1662, 79578, 1.40, 126.60, 9.53, 25.65,  , -38.170170, -72.332453, 1.3
22:04:44, 1997, 1664, 79556, 4.00, 127.90, 9.53, 25.70,  ,  ,  , 1.4
22:04:45, 1999, 1666, 79534, 1.75, 116.60, 9.53, 25.75,  ,  ,  , 1.5
22:04:46, 2001, 1668, 79512, 2.55, 110.20, 9.53, 25.80,  , -38.170205, -72.332382, 1.6
22:04:47, 2003, 1670, 79499, 3.15, 142.40, 9.53, 25.80,  ,  ,  , 1.6
22:04:48, 2004, 1671, 79486, 2.65, 91.80, 9.53, 25.80,  ,  ,  , 1.5
22:04:49, 2005, 1672, 79474, 2.55, 127.30, 9.53, 25.85,  , -38.170238, -72.332305, 1.5
22:04:51, 2008, 1675, 79450, 3.30, 102.20, 9.53, 25.85,  ,  ,  , 1.5
22:04:52, 2009, 1676, 79438, 1.75, 147.00, 9.53, 25.85,  , -38.170272, -72.332232, 1.5
22:04:53, 2010, 1677, 79428, 2.90, 109.00, 9.49, 25.90,  ,  ,  , 1.5
22:04:54, 2011, 1678, 79419, 3.20, 117.90, 9.42, 25.90,  ,  ,  , 1.5
22:04:55, 2012, 1679, 79410, 1.10, 121.50, 9.41, 25.95,  , -38.170303, -72.332158, 1.5
22:04:56, 2014, 1681, 79390, 3.80, 124.60, 9.44, 25.95,  ,  ,  , 1.5
22:04:57, 2016, 1683, 79372, 1.90, 122.60, 9.46, 25.95,  ,  ,  , 1.5
22:04:58, 2018, 1685, 79354, 2.10, 112.80, 9.44, 26.00,  , -38.170338, -72.332087, 1.5
22:04:59, 2019, 1686, 79340, 3.60, 130.10, 9.46, 26.00,  ,  ,  , 1.4
22:05:00, 2021, 1688, 79326, 2.00, 88.60, 9.46, 26.00,  ,  ,  , 1.4
22:05:01, 2022, 1689, 79312, 2.55, 125.70, 9.49, 26.05,  , -38.170367, -72.332008, 1.4
22:05:03, 2025, 1692, 79287, 3.10, 113.40, 9.42, 26.05,  ,  ,  , 1.4
22:05:04, 2026, 1693, 79276, 2.95, 126.50, 9.41, 26.05, 22.00, -38.170403, -72.331933, 1.4
22:05:06, 2028, 1695, 79256, 3.75, 127.10, 9.38, 26.05,  ,  ,  , 1.4
22:05:07, 2029, 1696, 79246, 2.35, 118.40, 9.36, 26.05,  , -38.170433, -72.331853, 1.4
22:05:09, 2031, 1698, 79228, 3.55, 135.90, 9.33, 26.05,  ,  ,  , 1.3
22:05:10, 2032, 1699, 79220, 2.55, 88.40, 9.33, 26.05,  , -38.170463, -72.331772, 1.2
22:05:12, 2035, 1702, 79193, 2.80, 124.80, 9.28, 26.05,  ,  ,  , 1.2
22:05:13, 2036, 1703, 79180, 3.45, 93.10, 9.29, 26.10,  , -38.170492, -72.331685, 1.2
22:05:15, 2039, 1706, 79151, 3.05, 105.20, 9.27, 26.10,  ,  ,  , 1.2
22:05:16, 2041, 1708, 79138, 3.15, 110.50, 9.27, 26.10,  , -38.170522, -72.331600, 1.2
22:05:18, 2043, 1710, 79115, 3.70, 117.00, 9.23, 26.10,  ,  ,  , 1.2
22:05:19, 2044, 1711, 79104, 2.60, 116.10, 9.24, 26.10,  , -38.170547, -72.331513, 1.2
22:05:22, 2047, 1714, 79080, 2.40, 98.80, 9.21, 26.10,  , -38.170577, -72.331425, 1.2
22:05:24, 2050, 1717, 79050, 3.00, 141.00, 9.17, 26.10,  ,  ,  , 1.2
22:05:25, 2051, 1718, 79036, 3.50, 87.00, 9.18, 26.10,  , -38.170607, -72.331333, 1.3
22:05:26, 2053, 1720, 79023, 3.00, 125.70, 9.17, 26.05,  ,  ,  , 1.3
22:05:27, 2054, 1721, 79010, 2.40, 124.00, 9.15, 26.05,  ,  ,  , 1.2
22:05:28, 2055, 1722, 78998, 4.10, 101.10, 9.11, 26.05,  , -38.170642, -72.331238, 1.2
22:05:29, 2057, 1724, 78985, 2.10, 126.00, 9.11, 26.05,  ,  ,  , 1.2
22:05:30, 2058, 1725, 78972, 2.90, 106.20, 9.09, 26.10,  ,  ,  , 1.2
22:05:31, 2059, 1726, 78960, 3.85, 121.90, 9.10, 26.10, 22.00, -38.170675, -72.331147, 1.3
22:05:32, 2061, 1728, 78948, 1.90, 95.20, 9.07, 26.10,  ,  ,  , 1.3
22:05:33, 2062, 1729, 78936, 3.45, 116.90, 9.09, 26.10,  ,  ,  , 1.3
22:05:34, 2063, 1730, 78924, 2.95, 123.40, 9.09, 26.10,  , -38.170705, -72.331055, 1.3
22:05:35, 2064, 1731, 78918, 3.55, 93.60, 9.09, 26.10,  ,  ,  , 1.3
22:05:36, 2064, 1731, 78913, 3.75, 118.90, 9.08, 26.10,  ,  ,  , 1.2
22:05:37, 2065, 1732, 78908, 2.60, 107.30, 9.07, 26.10,  , -38.170733, -72.330948, 1.1
22:05:38, 2067, 1734, 78891, 3.60, 97.30, 9.05, 26.10,  ,  ,  , 1.2
22:05:39, 2068, 1735, 78873, 3.40, 131.10, 9.07, 26.10,  ,  ,  , 1.2
22:05:40, 2070, 1737, 78856, 2.90, 89.00, 9.02, 26.05,  , -38.170758, -72.330848, 1.3
22:05:41, 2072, 1739, 78844, 3.45, 114.20, 9.07, 26.10,  ,  ,  , 1.2
22:05:42, 2073, 1740, 78833, 2.20, 117.40, 9.02, 26.05,  ,  ,  , 1.2
22:05:43, 2074, 1741, 78822, 4.25, 97.50, 9.07, 26.05,  , -38.170778, -72.330750, 1.2
22:05:44, 2075, 1742, 78809, 2.90, 117.40, 9.10, 26.05,  ,  ,  , 1.2
22:05:45, 2076, 1743, 78797, 2.60, 90.90, 9.04, 26.05,  ,  ,  , 1.2
22:05:46, 2078, 1745, 78786, 4.50, 115.90, 9.11, 26.05,  , -38.170800, -72.330643, 1.2
22:05:47, 2079, 1746, 78775, 2.35, 96.80, 9.07, 26.05,  ,  ,  , 1.3
22:05:48, 2080, 1747, 78765, 3.65, 100.40, 9.09, 26.00,  ,  ,  , 1.3
22:05:49, 2081, 1748, 78756, 3.15, 123.80, 9.07, 26.00,  , -38.170825, -72.330538, 1.3
22:05:51, 2083, 1750, 78734, 3.65, 108.90, 9.07, 26.00,  ,  ,  , 1.2
22:05:52, 2084, 1751, 78724, 2.20, 91.60, 9.01, 25.95,  , -38.170842, -72.330428, 1.2
22:05:53, 2086, 1753, 78711, 4.40, 105.30, 9.02, 25.90,  ,  ,  , 1.2
22:05:54, 2087, 1754, 78699, 2.80, 106.00, 8.99, 25.90,  ,  ,  , 1.2
22:05:55, 2088, 1755, 78688, 3.45, 87.40, 8.95, 25.85,  , -38.170858, -72.330315, 1.2
22:05:56, 2089, 1756, 78675, 3.05, 117.80, 8.97, 25.80,  ,  ,  , 1.2
22:05:57, 2091, 1758, 78663, 2.95, 95.50, 8.97, 25.80,  ,  ,  , 1.2
22:05:58, 2092, 1759, 78652, 4.35, 103.80, 8.95, 25.80, 22.00, -38.170880, -72.330205, 1.2
22:05:59, 2093, 1760, 78640, 2.30, 110.30, 8.96, 25.80,  ,  ,  , 1.2
22:06:00, 2094, 1761, 78629, 3.40, 88.40, 8.94, 25.80,  ,  ,  , 1.2
22:06:01, 2095, 1762, 78618, 4.05, 118.20, 8.93, 25.75,  , -38.170903, -72.330100, 1.2
22:06:02, 2097, 1764, 78606, 2.60, 80.30, 8.92, 25.75,  ,  ,  , 1.2
22:06:03, 2098, 1765, 78595, 3.70, 102.50, 8.88, 25.75,  ,  ,  , 1.2
22:06:04, 2099, 1766, 78584, 3.25, 113.70, 8.86, 25.75,  , -38.170923, -72.329995, 1.2
22:06:06, 2101, 1768, 78562, 3.40, 115.60, 8.80, 25.75,  ,  ,  , 1.2
22:06:07, 2102, 1769, 78552, 2.80, 92.60, 8.78, 25.75,  , -38.170945, -72.329893, 1.2
22:06:08, 2103, 1770, 78544, 4.80, 96.50, 8.72, 25.70,  ,  ,  , 1.2
22:06:09, 2104, 1771, 78536, 2.55, 95.60, 8.72, 25.70,  ,  ,  , 1.1
22:06:10, 2105, 1772, 78528, 3.45, 73.50, 8.72, 25.75,  , -38.170945, -72.329778, 1.1
22:06:11, 2106, 1773, 78513, 3.50, 117.60, 8.69, 25.75,  ,  ,  , 1.1
22:06:12, 2108, 1775, 78499, 3.20, 86.40, 8.71, 25.75,  ,  ,  , 1.1
22:06:13, 2109, 1776, 78486, 4.45, 93.20, 8.72, 25.75,  , -38.170953, -72.329660, 1.2
22:06:14, 2111, 1778, 78472, 2.20, 86.00, 8.73, 25.75,  ,  ,  , 1.2
22:06:15, 2112, 1779, 78459, 4.25, 90.80, 8.73, 25.65,  ,  ,  , 1.2
22:06:16, 2114, 1781, 78446, 3.30, 104.50, 8.81, 25.75,  , -38.170955, -72.329540, 1.2
22:06:26, 2127, 1794, 78322, 2.95, 80.70, 8.94, 25.50,  ,  ,  , 1.3
22:06:27, 2128, 1795, 78310, 3.95, 85.80, 8.93, 25.40,  ,  ,  , 1.3
22:06:28, 2129, 1796, 78298, 4.05, 100.20, 8.97, 25.40,  , -38.170940, -72.329050, 1.3
22:06:29, 2130, 1797, 78288, 3.80, 69.00, 8.97, 25.40,  ,  ,  , 1.3
22:06:30, 2131, 1798, 78279, 3.65, 94.00, 8.95, 25.40,  ,  ,  , 1.3
22:06:31, 2132, 1799, 78270, 2.95, 92.40, 8.93, 25.35,  , -38.170933, -72.328928, 1.2
22:06:35, 2139, 1806, 78207, 4.20, 97.90, 8.88, 25.35,  ,  ,  , 1.3
22:06:36, 2141, 1808, 78191, 2.65, 75.70, 8.87, 25.35,  ,  ,  , 1.4
22:06:37, 2142, 1809, 78176, 4.75, 88.10, 8.82, 25.35,  , -38.170922, -72.328680, 1.4
22:06:38, 2143, 1810, 78164, 3.30, 93.30, 8.78, 25.35,  ,  ,  , 1.4
22:06:39, 2145, 1812, 78153, 3.85, 70.50, 8.74, 25.35,  ,  ,  , 1.4
22:06:40, 2146, 1813, 78142, 4.30, 102.70, 8.73, 25.40,  , -38.170918, -72.328553, 1.4
22:06:41, 2147, 1814, 78134, 3.25, 71.70, 8.72, 25.45,  ,  ,  , 1.4
22:06:42, 2147, 1814, 78127, 4.70, 87.90, 8.65, 25.45,  ,  ,  , 1.3
22:06:43, 2148, 1815, 78120, 2.95, 96.30, 8.63, 25.50,  , -38.170917, -72.328427, 1.3
22:06:44, 2150, 1817, 78103, 4.40, 76.20, 8.60, 25.55,  ,  ,  , 1.4
22:06:45, 2152, 1819, 78086, 4.20, 108.60, 8.56, 25.55,  ,  ,  , 1.4
22:06:46, 2153, 1820, 78070, 4.05, 74.40, 8.56, 25.60,  , -38.170915, -72.328298, 1.4
22:06:47, 2155, 1822, 78054, 4.90, 90.60, 8.56, 25.70,  ,  ,  , 1.4
22:06:48, 2157, 1824, 78039, 2.80, 87.80, 8.54, 25.70,  ,  ,  , 1.4
22:06:49, 2158, 1825, 78024, 5.15, 86.40, 8.56, 25.75,  , -38.170903, -72.328158, 1.4
22:06:51, 2161, 1828, 77998, 4.25, 69.20, 8.59, 25.80,  ,  ,  , 1.4
22:06:52, 2162, 1829, 77986, 4.40, 96.50, 8.59, 25.85, 21.50, -38.170888, -72.328017, 1.4
22:06:53, 2164, 1831, 77969, 3.15, 81.10, 8.59, 25.85,  ,  ,  , 1.5
22:06:54, 2166, 1833, 77953, 4.95, 87.20, 8.60, 25.90,  ,  ,  , 1.5
22:06:55, 2168, 1835, 77938, 4.25, 100.60, 8.60, 25.95,  , -38.170885, -72.327877, 1.6
22:06:56, 2169, 1836, 77922, 4.40, 70.30, 8.62, 25.95,  ,  ,  , 1.6
22:06:57, 2171, 1838, 77906, 4.55, 97.80, 8.66, 26.00,  ,  ,  , 1.6
22:06:58, 2173, 1840, 77890, 3.70, 86.80, 8.63, 26.00,  , -38.170875, -72.327732, 1.6
22:06:59, 2174, 1841, 77876, 5.60, 81.60, 8.64, 26.00,  ,  ,  , 1.6
22:07:00, 2175, 1842, 77863, 3.75, 101.10, 8.65, 26.00,  ,  ,  , 1.6
22:07:01, 2177, 1844, 77850, 4.65, 73.40, 8.59, 26.00,  , -38.170867, -72.327578, 1.5
22:07:02, 2178, 1845, 77837, 4.95, 93.70, 8.63, 26.00,  ,  ,  , 1.5
22:07:03, 2180, 1847, 77824, 3.50, 86.60, 8.63, 26.00,  ,  ,  , 1.5
22:07:04, 2181, 1848, 77812, 5.65, 87.90, 8.65, 26.00,  , -38.170862, -72.327418, 1.5
22:07:06, 2184, 1851, 77781, 4.75, 79.10, 8.60, 26.00,  ,  ,  , 1.5
22:07:07, 2186, 1853, 77766, 5.05, 96.60, 8.64, 26.00,  , -38.170857, -72.327263, 1.5
22:07:08, 2187, 1854, 77752, 3.60, 71.00, 8.58, 26.00,  ,  ,  , 1.5
22:07:09, 2189, 1856, 77739, 5.50, 90.10, 8.58, 25.95,  ,  ,  , 1.5
22:07:10, 2190, 1857, 77726, 4.15, 90.70, 8.56, 25.95,  , -38.170847, -72.327107, 1.5
22:07:11, 2191, 1858, 77716, 4.65, 69.90, 8.51, 25.95,  ,  ,  , 1.4
22:07:12, 2192, 1859, 77707, 4.85, 100.50, 8.51, 25.95,  ,  ,  , 1.4
22:07:13, 2193, 1860, 77698, 4.75, 85.10, 8.52, 25.95,  , -38.170840, -72.326950, 1.4
22:07:14, 2196, 1863, 77674, 5.30, 84.50, 8.52, 26.00,  ,  ,  , 1.5
22:07:15, 2198, 1865, 77651, 3.95, 105.70, 8.45, 26.00,  ,  ,  , 1.5
22:07:16, 2201, 1868, 77628, 4.90, 78.70, 8.44, 25.95,  , -38.170840, -72.326795, 1.6
22:07:17, 2202, 1869, 77615, 4.90, 99.00, 8.50, 25.95,  ,  ,  , 1.6
22:07:18, 2203, 1870, 77602, 4.30, 88.80, 8.47, 25.95,  ,  ,  , 1.6
22:07:19, 2205, 1872, 77590, 5.90, 81.90, 8.49, 25.90, 21.50, -38.170837, -72.326632, 1.6
22:07:20, 2206, 1873, 77573, 3.95, 97.00, 8.49, 25.90,  ,  ,  , 1.6
22:07:21, 2208, 1875, 77556, 4.85, 84.50, 8.45, 25.85,  ,  ,  , 1.6
22:07:22, 2210, 1877, 77540, 6.00, 91.90, 8.50, 25.80,  , -38.170833, -72.326463, 1.6
22:07:23, 2211, 1878, 77527, 3.50, 84.80, 8.44, 25.70,  ,  ,  , 1.7
22:07:24, 2213, 1880, 77514, 5.75, 88.50, 8.44, 25.65,  ,  ,  , 1.7
22:07:25, 2214, 1881, 77502, 4.90, 93.50, 8.42, 25.55,  , -38.170833, -72.326293, 1.7
22:07:26, 2215, 1882, 77488, 4.55, 74.10, 8.37, 25.50,  ,  ,  , 1.7
22:07:27, 2217, 1884, 77475, 5.40, 96.30, 8.37, 25.40,  ,  ,  , 1.6
22:07:28, 2218, 1885, 77462, 4.70, 80.50, 8.40, 25.35,  , -38.170827, -72.326130, 1.6
22:07:29, 2220, 1887, 77450, 5.40, 87.10, 8.35, 25.25,  ,  ,  , 1.5
22:07:30, 2221, 1888, 77439, 3.75, 93.40, 8.34, 25.20,  ,  ,  , 1.5
22:07:31, 2222, 1889, 77428, 5.65, 81.70, 8.34, 25.15,  , -38.170820, -72.325973, 1.4
22:07:33, 2226, 1893, 77393, 4.30, 77.60, 8.33, 25.05,  ,  ,  , 1.5
22:07:34, 2228, 1895, 77376, 5.05, 96.20, 8.33, 25.00,  , -38.170817, -72.325817, 1.5
22:07:37, 2232, 1899, 77330, 3.70, 88.90, 8.36, 24.95,  , -38.170812, -72.325655, 1.5
22:07:39, 2236, 1903, 77294, 4.90, 97.50, 8.42, 25.00,  ,  ,  , 1.6
22:07:40, 2238, 1905, 77276, 4.75, 75.70, 8.41, 25.10,  , -38.170802, -72.325495, 1.7
22:07:42, 2241, 1908, 77253, 3.75, 90.20, 8.35, 25.30,  ,  ,  , 1.6
22:07:43, 2242, 1909, 77242, 5.70, 78.40, 8.36, 25.40,  , -38.170783, -72.325337, 1.6
22:07:45, 2245, 1912, 77212, 4.25, 76.20, 8.35, 25.70,  ,  ,  , 1.6
22:07:46, 2247, 1914, 77198, 5.50, 95.30, 8.30, 25.80, 21.50, -38.170770, -72.325182, 1.6
22:07:52, 2258, 1925, 77092, 3.80, 83.50, 8.19, 26.65,  , -38.170740, -72.324878, 1.6
22:07:53, 2260, 1927, 77076, 6.05, 87.20, 8.12, 26.75,  ,  ,  , 1.7
22:07:54, 2261, 1928, 77060, 4.25, 77.40, 8.11, 26.90,  ,  ,  , 1.7
22:07:55, 2263, 1930, 77044, 4.75, 77.50, 8.11, 27.10,  , -38.170723, -72.324715, 1.7
22:07:56, 2265, 1932, 77029, 5.10, 96.90, 8.11, 27.25,  ,  ,  , 1.8
22:07:57, 2266, 1933, 77014, 4.90, 69.70, 8.11, 27.40,  ,  ,  , 1.8
22:07:58, 2268, 1935, 77000, 5.35, 85.20, 8.11, 27.55,  , -38.170703, -72.324550, 1.8
22:07:59, 2270, 1937, 76982, 4.30, 88.80, 8.11, 27.70,  ,  ,  , 1.8
22:08:00, 2272, 1939, 76964, 5.80, 70.50, 8.11, 27.80,  ,  ,  , 1.8
22:08:01, 2274, 1941, 76946, 4.50, 89.40, 8.15, 27.95,  , -38.170682, -72.324383, 1.8
22:08:02, 2275, 1942, 76930, 4.50, 74.00, 8.11, 28.05,  ,  ,  , 1.8
22:08:03, 2277, 1944, 76915, 6.15, 87.20, 8.15, 28.10,  ,  ,  , 1.8
22:08:04, 2279, 1946, 76900, 4.05, 80.20, 8.15, 28.15,  , -38.170663, -72.324213, 1.8
22:08:05, 2281, 1948, 76882, 5.70, 82.10, 8.15, 28.10,  ,  ,  , 1.7
22:08:06, 2283, 1950, 76864, 5.20, 95.90, 8.20, 28.05,  ,  ,  , 1.8
22:08:07, 2285, 1952, 76846, 5.35, 77.20, 8.18, 27.85,  , -38.170652, -72.324033, 1.8
22:08:09, 2286, 1953, 76830, 5.55, 88.80, 8.21, 27.65,  ,  ,  , 1.8
22:08:10, 2288, 1955, 76816, 4.15, 83.10, 8.23, 27.45,  ,  ,  , 1.8
22:08:11, 2289, 1956, 76802, 6.25, 85.80, 8.24, 27.20,  , -38.170638, -72.323857, 1.8
22:08:14, 2296, 1963, 76742, 4.95, 82.60, 8.28, 26.40,  ,  ,  , 1.7
22:08:15, 2297, 1964, 76727, 6.30, 86.00, 8.27, 26.20,  ,  ,  , 1.7
22:08:16, 2299, 1966, 76712, 4.15, 93.90, 8.29, 26.00,  , -38.170622, -72.323497, 1.7
22:08:17, 2301, 1968, 76695, 5.95, 80.50, 8.28, 25.85,  ,  ,  , 1.7
22:08:18, 2303, 1970, 76678, 5.55, 94.90, 8.33, 25.70,  ,  ,  , 1.7
22:08:19, 2304, 1971, 76662, 4.50, 82.00, 8.34, 25.50,  , -38.170613, -72.323318, 1.7
22:08:20, 2306, 1973, 76644, 6.40, 93.90, 8.36, 25.35,  ,  ,  , 1.7
22:08:21, 2308, 1975, 76628, 4.95, 84.80, 8.36, 25.25,  ,  ,  , 1.7
22:08:22, 2310, 1977, 76612, 5.60, 83.00, 8.35, 25.20,  , -38.170605, -72.323132, 1.7
22:08:23, 2312, 1979, 76596, 4.80, 100.20, 8.40, 25.10,  ,  ,  , 1.7
22:08:24, 2313, 1980, 76580, 6.05, 83.20, 8.40, 24.95,  ,  ,  , 1.7
22:08:25, 2315, 1982, 76564, 5.40, 91.10, 8.43, 24.70,  , -38.170602, -72.322948, 1.7
22:08:26, 2317, 1984, 76546, 4.45, 89.20, 8.45, 24.45,  ,  ,  , 1.8
22:08:27, 2319, 1986, 76529, 6.80, 90.60, 8.49, 24.20,  ,  ,  , 1.8
22:08:28, 2321, 1988, 76512, 4.60, 86.80, 8.52, 23.95,  , -38.170602, -72.322763, 1.8
22:08:32, 2328, 1995, 76447, 5.70, 97.40, 8.54, 22.95,  ,  ,  , 1.8
22:08:33, 2329, 1996, 76431, 5.30, 92.90, 8.54, 22.65,  ,  ,  , 1.8
22:08:34, 2331, 1998, 76416, 6.15, 83.40, 8.54, 22.45,  , -38.170605, -72.322385, 1.8
22:08:36, 2334, 2001, 76385, 5.85, 86.30, 8.55, 22.05,  ,  ,  , 1.8
22:08:37, 2336, 2003, 76370, 6.10, 93.80, 8.59, 21.85,  , -38.170610, -72.322197, 1.8
22:08:38, 2338, 2005, 76354, 4.30, 85.70, 8.56, 21.60,  ,  ,  , 1.7
22:08:39, 2339, 2006, 76339, 6.30, 91.20, 8.56, 21.40,  ,  ,  , 1.7
22:08:40, 2341, 2008, 76324, 5.05, 97.00, 8.56, 21.20, 21.00, -38.170613, -72.322015, 1.7
22:08:41, 2343, 2010, 76307, 5.65, 79.40, 8.52, 21.05,  ,  ,  , 1.7
22:08:42, 2345, 2012, 76290, 6.10, 99.40, 8.54, 20.90,  ,  ,  , 1.7
22:08:43, 2347, 2014, 76274, 5.10, 81.30, 8.52, 20.80,  , -38.170613, -72.321828, 1.7
22:08:44, 2348, 2015, 76261, 6.25, 89.60, 8.49, 20.65,  ,  ,  , 1.7
22:08:45, 2349, 2016, 76249, 4.45, 97.80, 8.50, 20.50,  ,  ,  , 1.7
22:08:46, 2350, 2017, 76238, 6.60, 84.60, 8.50, 20.40,  , -38.170613, -72.321643, 1.6
22:08:47, 2352, 2019, 76219, 5.30, 96.20, 8.44, 20.30,  ,  ,  , 1.6
22:08:48, 2354, 2021, 76201, 4.90, 81.20, 8.42, 20.25,  ,  ,  , 1.7
22:08:49, 2356, 2023, 76184, 6.15, 100.00, 8.44, 20.20,  , -38.170613, -72.321455, 1.7
22:08:51, 2360, 2027, 76153, 6.40, 84.70, 8.37, 20.05,  ,  ,  , 1.7
22:08:52, 2361, 2028, 76138, 4.60, 99.40, 8.37, 20.00,  , -38.170617, -72.321267, 1.7
22:08:56, 2368, 2035, 76076, 6.45, 92.60, 8.22, 19.85,  ,  ,  , 1.7
22:08:57, 2370, 2037, 76061, 4.95, 89.70, 8.18, 19.80,  ,  ,  , 1.7
22:08:58, 2371, 2038, 76046, 5.10, 83.80, 8.14, 19.80,  , -38.170617, -72.320907, 1.7
22:09:02, 2377, 2044, 75993, 4.50, 93.50, 8.03, 19.75,  ,  ,  , 1.6
22:09:03, 2378, 2045, 75980, 6.60, 84.40, 7.97, 19.75,  ,  ,  , 1.6
22:09:04, 2380, 2047, 75968, 4.65, 95.20, 7.92, 19.80,  , -38.170625, -72.320538, 1.5
22:09:08, 2388, 2055, 75890, 5.75, 91.90, 7.96, 19.95,  ,  ,  , 1.7
22:09:09, 2390, 2057, 75871, 5.05, 94.60, 7.99, 19.95,  ,  ,  , 1.7
22:09:10, 2392, 2059, 75852, 5.10, 72.10, 7.96, 19.95,  , -38.170615, -72.320188, 1.7
22:09:11, 2394, 2061, 75835, 5.55, 99.90, 7.98, 19.95,  ,  ,  , 1.8
22:09:12, 2396, 2063, 75819, 4.55, 82.70, 7.96, 19.95,  ,  ,  , 1.8
22:09:13, 2398, 2065, 75804, 5.95, 85.80, 7.95, 19.90,  , -38.170607, -72.320012, 1.8
22:09:14, 2399, 2066, 75789, 4.25, 102.20, 7.98, 19.90,  ,  ,  , 1.9
22:09:15, 2401, 2068, 75775, 5.45, 80.50, 7.96, 19.90,  ,  ,  , 1.9
22:09:16, 2402, 2069, 75762, 5.25, 94.70, 7.99, 19.90,  , -38.170608, -72.319837, 1.9
22:09:17, 2404, 2071, 75745, 4.35, 87.50, 7.98, 19.90,  ,  ,  , 1.9
22:09:18, 2406, 2073, 75728, 6.05, 89.20, 8.03, 19.85,  ,  ,  , 1.9
22:09:19, 2408, 2075, 75712, 3.75, 92.40, 8.00, 19.80,  , -38.170607, -72.319665, 1.9
22:09:20, 2409, 2076, 75699, 5.35, 82.60, 7.99, 19.75,  ,  ,  , 1.7
22:09:21, 2410, 2077, 75686, 5.20, 97.20, 8.03, 19.75,  ,  ,  , 1.7
22:09:22, 2412, 2079, 75674, 4.25, 72.50, 7.98, 19.75,  , -38.170600, -72.319500, 1.6
22:09:23, 2414, 2081, 75656, 5.25, 97.60, 7.98, 19.75,  ,  ,  , 1.6
22:09:24, 2416, 2083, 75639, 4.55, 93.40, 7.97, 19.75,  ,  ,  , 1.6
22:09:25, 2417, 2084, 75622, 5.25, 77.10, 7.98, 19.75,  , -38.170593, -72.319337, 1.7
22:09:26, 2419, 2086, 75605, 4.15, 103.00, 7.95, 19.75,  ,  ,  , 1.7
22:09:27, 2421, 2088, 75588, 4.75, 80.10, 7.91, 19.75,  ,  ,  , 1.7
22:09:28, 2423, 2090, 75572, 5.25, 93.50, 7.96, 19.80,  , -38.170588, -72.319182, 1.7
22:09:29, 2424, 2091, 75559, 3.55, 88.70, 7.91, 19.80,  ,  ,  , 1.7
22:09:30, 2426, 2093, 75546, 5.60, 90.90, 7.91, 19.80,  ,  ,  , 1.7
22:09:31, 2427, 2094, 75534, 4.45, 97.60, 7.91, 19.85,  , -38.170592, -72.319020, 1.6
22:09:32, 2428, 2095, 75524, 5.05, 77.10, 7.89, 19.90,  ,  ,  , 1.6
22:09:33, 2429, 2096, 75515, 4.80, 102.30, 7.84, 19.85,  ,  ,  , 1.6
22:09:34, 2430, 2097, 75506, 4.35, 85.70, 7.83, 19.85, 21.00, -38.170597, -72.318865, 1.5
22:09:36, 2434, 2101, 75468, 3.45, 95.90, 7.78, 19.90,  ,  ,  , 1.6
22:09:37, 2436, 2103, 75450, 5.50, 88.60, 7.79, 19.95,  , -38.170598, -72.318705, 1.6
22:09:38, 2438, 2105, 75435, 5.10, 98.00, 7.77, 20.00,  ,  ,  , 1.5
22:09:39, 2439, 2106, 75421, 4.55, 76.00, 7.78, 20.00,  ,  ,  , 1.5
22:09:40, 2441, 2108, 75408, 5.10, 99.10, 7.75, 20.00,  , -38.170598, -72.318537, 1.5
22:09:41, 2443, 2110, 75388, 4.65, 97.20, 7.73, 20.05,  ,  ,  , 1.5
22:09:42, 2445, 2112, 75368, 5.40, 82.60, 7.70, 20.05,  ,  ,  , 1.6
22:09:43, 2448, 2115, 75348, 4.45, 93.60, 7.69, 20.10,  , -38.170603, -72.318370, 1.7
22:09:44, 2449, 2116, 75330, 4.50, 92.80, 7.65, 20.15,  ,  ,  , 1.7
22:09:45, 2451, 2118, 75313, 5.05, 92.20, 7.62, 20.15,  ,  ,  , 1.8
22:09:46, 2453, 2120, 75296, 3.95, 95.70, 7.61, 20.25,  , -38.170615, -72.318210, 1.9
22:09:47, 2455, 2122, 75279, 6.15, 92.70, 7.60, 20.25,  ,  ,  , 1.9
22:09:48, 2457, 2124, 75263, 3.80, 89.80, 7.62, 20.25,  ,  ,  , 1.9
22:09:49, 2458, 2125, 75248, 5.00, 88.20, 7.60, 20.20,  , -38.170620, -72.318040, 1.8
22:09:51, 2461, 2128, 75222, 4.40, 74.00, 7.61, 20.15,  ,  ,  , 1.8
22:09:52, 2463, 2130, 75210, 5.75, 95.80, 7.54, 20.10,  , -38.170618, -72.317862, 1.8
22:09:53, 2465, 2132, 75190, 4.55, 92.10, 7.52, 20.10,  ,  ,  , 1.8
22:09:54, 2467, 2134, 75171, 5.35, 79.90, 7.49, 20.05,  ,  ,  , 1.8
22:09:55, 2469, 2136, 75152, 4.95, 108.90, 7.50, 20.10,  , -38.170620, -72.317693, 1.8
22:09:56, 2470, 2137, 75141, 5.20, 84.90, 7.47, 20.10,  ,  ,  , 1.7
22:09:57, 2471, 2138, 75130, 5.80, 91.50, 7.49, 20.05,  ,  ,  , 1.7
22:09:58, 2472, 2139, 75120, 3.80, 97.80, 7.50, 20.05,  , -38.170625, -72.317520, 1.6
22:09:59, 2473, 2140, 75113, 6.45, 88.30, 7.45, 20.05,  ,  ,  , 1.5
22:10:00, 2474, 2141, 75106, 4.95, 95.80, 7.42, 20.05,  ,  ,  , 1.5
22:10:01, 2475, 2142, 75100, 4.80, 86.20, 7.42, 20.05, 20.75, -38.170632, -72.317340, 1.4
22:10:03, 2479, 2146, 75063, 4.85, 84.90, 7.38, 20.05,  ,  ,  , 1.5
22:10:04, 2481, 2148, 75046, 5.75, 90.30, 7.40, 20.05,  , -38.170638, -72.317160, 1.5
22:10:06, 2483, 2150, 75024, 5.95, 83.70, 7.38, 20.10,  ,  ,  , 1.4
22:10:07, 2484, 2151, 75014, 5.40, 98.10, 7.39, 20.10,  , -38.170648, -72.316978, 1.3
22:10:09, 2486, 2153, 74993, 6.75, 95.50, 7.36, 20.10,  ,  ,  , 1.3
22:10:10, 2487, 2154, 74984, 4.20, 95.60, 7.36, 20.10,  , -38.170660, -72.316800, 1.2
22:10:12, 2490, 2157, 74958, 5.45, 103.80, 7.27, 20.10,  ,  ,  , 1.4
22:10:13, 2492, 2159, 74946, 4.10, 85.50, 7.27, 20.15,  , -38.170668, -72.316630, 1.4
22:10:15, 2494, 2161, 74920, 4.50, 100.60, 7.21, 20.15,  ,  ,  , 1.3
22:10:16, 2496, 2163, 74908, 5.35, 83.30, 7.17, 20.20,  , -38.170680, -72.316453, 1.3
22:10:18, 2498, 2165, 74892, 4.95, 85.30, 7.17, 20.20,  ,  ,  , 1.2
22:10:19, 2498, 2165, 74884, 6.10, 93.00, 7.20, 20.20,  , -38.170690, -72.316272, 1.2
22:10:21, 2501, 2168, 74865, 5.95, 87.20, 7.16, 20.15,  ,  ,  , 1.2
22:10:22, 2502, 2169, 74856, 5.85, 100.50, 7.11, 20.15,  , -38.170698, -72.316092, 1.2
22:10:24, 2504, 2171, 74833, 5.95, 96.10, 7.10, 20.20,  ,  ,  , 1.2
22:10:25, 2505, 2172, 74822, 4.40, 95.70, 7.10, 20.20,  , -38.170703, -72.315908, 1.2
22:10:26, 2507, 2174, 74804, 6.40, 81.70, 7.10, 20.25,  ,  ,  , 1.2
22:10:27, 2509, 2176, 74787, 4.65, 99.10, 7.10, 20.25,  ,  ,  , 1.2
22:10:28, 2511, 2178, 74770, 5.15, 83.80, 7.10, 20.20, 20.50, -38.170703, -72.315728, 1.3
22:10:29, 2512, 2179, 74756, 6.20, 95.30, 7.03, 20.20,  ,  ,  , 1.3
22:10:30, 2514, 2181, 74743, 4.25, 79.60, 7.03, 20.20,  ,  ,  , 1.3
22:10:31, 2515, 2182, 74730, 5.75, 91.70, 6.98, 20.15,  , -38.170700, -72.315552, 1.4
22:10:51, 2542, 2209, 74486, 5.75, 89.30, 6.94, 19.40,  ,  ,  , 1.4
22:10:52, 2544, 2211, 74474, 3.85, 86.30, 6.93, 19.30,  , -38.170633, -72.314360, 1.4
22:11:02, 2557, 2224, 74353, 4.00, 72.20, 6.95, 18.20,  ,  ,  , 1.3
22:11:03, 2558, 2225, 74341, 5.35, 93.80, 6.95, 18.10,  ,  ,  , 1.3
22:11:04, 2560, 2227, 74330, 3.90, 84.10, 6.92, 18.05,  , -38.170588, -72.313720, 1.3
22:11:08, 2565, 2232, 74279, 4.90, 89.60, 6.89, 17.85,  ,  ,  , 1.3
22:11:09, 2567, 2234, 74266, 3.65, 77.10, 6.90, 17.80,  ,  ,  , 1.3
22:11:10, 2568, 2235, 74254, 5.40, 87.30, 6.89, 17.75,  , -38.170562, -72.313405, 1.4
22:11:14, 2572, 2239, 74218, 4.45, 77.60, 6.90, 17.60,  ,  ,  , 1.3
22:11:15, 2573, 2240, 74209, 5.45, 91.20, 6.85, 17.60,  ,  ,  , 1.2
22:11:16, 2574, 2241, 74200, 3.65, 83.70, 6.80, 17.55,  , -38.170550, -72.313092, 1.2
22:11:18, 2576, 2243, 74180, 5.30, 79.10, 6.77, 17.50,  ,  ,  , 1.3
22:11:19, 2578, 2245, 74163, 3.70, 99.50, 6.78, 17.55,  ,  ,  , 1.3
22:11:20, 2580, 2247, 74146, 4.40, 78.20, 6.72, 17.50,  , -38.170537, -72.312948, 1.4
22:11:35, 2602, 2269, 73946, 4.60, 99.90, 6.50, 17.20,  ,  ,  , 1.4
22:11:36, 2604, 2271, 73934, 4.90, 73.00, 6.44, 17.20,  ,  ,  , 1.4
22:11:37, 2605, 2272, 73922, 4.60, 86.50, 6.40, 17.20,  , -38.170465, -72.312037, 1.4
22:11:38, 2606, 2273, 73914, 3.35, 85.00, 6.41, 17.20,  ,  ,  , 1.4
22:11:39, 2607, 2274, 73907, 5.50, 80.20, 6.35, 17.15,  ,  ,  , 1.3
22:11:40, 2607, 2274, 73900, 3.95, 87.40, 6.34, 17.15,  , -38.170453, -72.311888, 1.3
22:11:41, 2608, 2275, 73891, 4.25, 71.20, 6.33, 17.15,  ,  ,  , 1.3
22:11:42, 2609, 2276, 73882, 4.90, 96.30, 6.28, 17.15,  ,  ,  , 1.3
22:11:43, 2610, 2277, 73874, 4.00, 75.10, 6.27, 17.15,  , -38.170443, -72.311743, 1.3
22:11:44, 2613, 2280, 73854, 5.30, 82.80, 6.27, 17.15,  ,  ,  , 1.3
22:11:45, 2615, 2282, 73835, 3.40, 95.00, 6.23, 17.15,  ,  ,  , 1.3
22:11:46, 2617, 2284, 73816, 4.90, 75.40, 6.28, 17.15,  , -38.170428, -72.311600, 1.4
22:11:48, 2620, 2287, 73786, 3.40, 69.70, 6.30, 17.15,  ,  ,  , 1.4
22:11:49, 2622, 2289, 73772, 5.25, 93.30, 6.38, 17.15, 20.25, -38.170412, -72.311450, 1.4
22:11:51, 2624, 2291, 73753, 4.80, 73.00, 6.42, 17.15,  ,  ,  , 1.4
22:11:52, 2625, 2292, 73744, 3.90, 100.60, 6.43, 17.10,  , -38.170397, -72.311300, 1.4
22:11:53, 2626, 2293, 73732, 4.65, 73.50, 6.38, 17.10,  ,  ,  , 1.4
22:11:54, 2627, 2294, 73721, 4.45, 85.30, 6.41, 17.05,  ,  ,  , 1.5
22:11:55, 2629, 2296, 73710, 3.20, 82.50, 6.40, 17.05,  , -38.170382, -72.311155, 1.5
22:11:56, 2630, 2297, 73698, 5.40, 86.20, 6.40, 17.05,  ,  ,  , 1.5
22:11:57, 2631, 2298, 73686, 3.75, 82.20, 6.42, 17.05,  ,  ,  , 1.4
22:11:58, 2633, 2300, 73674, 4.25, 75.70, 6.41, 17.05,  , -38.170368, -72.311007, 1.4
22:11:59, 2634, 2301, 73661, 5.15, 96.90, 6.42, 17.05,  ,  ,  , 1.3
22:12:00, 2635, 2302, 73648, 3.85, 68.00, 6.43, 17.05,  ,  ,  , 1.3
22:12:01, 2637, 2304, 73636, 4.55, 79.90, 6.41, 17.05,  , -38.170353, -72.310857, 1.3
22:12:06, 2642, 2309, 73587, 5.20, 72.40, 6.30, 17.10,  ,  ,  , 1.2
22:12:07, 2643, 2310, 73578, 3.60, 96.30, 6.29, 17.15,  , -38.170317, -72.310562, 1.2
22:12:08, 2645, 2312, 73564, 5.45, 75.10, 6.30, 17.20,  ,  ,  , 1.3
22:12:09, 2647, 2314, 73550, 4.40, 79.40, 6.30, 17.25,  ,  ,  , 1.3
22:12:10, 2648, 2315, 73536, 3.85, 74.50, 6.30, 17.35,  , -38.170293, -72.310413, 1.3
22:12:11, 2650, 2317, 73522, 5.85, 84.90, 6.27, 17.45,  ,  ,  , 1.3
22:12:12, 2651, 2318, 73509, 3.55, 76.10, 6.27, 17.45,  ,  ,  , 1.3
22:12:13, 2653, 2320, 73496, 5.35, 73.20, 6.28, 17.50,  , -38.170268, -72.310260, 1.3
22:12:14, 2654, 2321, 73485, 4.80, 91.50, 6.26, 17.45,  ,  ,  , 1.3
22:12:15, 2655, 2322, 73475, 4.20, 62.40, 6.28, 17.50,  ,  ,  , 1.3
22:12:16, 2656, 2323, 73466, 5.45, 88.60, 6.28, 17.55, 20.00, -38.170245, -72.310107, 1.3
22:12:17, 2658, 2325, 73448, 3.85, 81.50, 6.26, 17.55,  ,  ,  , 1.3
22:12:18, 2660, 2327, 73430, 5.60, 72.90, 6.33, 17.55,  ,  ,  , 1.4
22:12:19, 2662, 2329, 73412, 3.95, 93.20, 6.38, 17.60,  , -38.170218, -72.309948, 1.5
22:12:20, 2663, 2330, 73400, 4.75, 69.80, 6.35, 17.60,  ,  ,  , 1.5
22:12:21, 2665, 2332, 73389, 5.60, 89.90, 6.38, 17.60,  ,  ,  , 1.5
22:12:22, 2666, 2333, 73378, 3.85, 68.10, 6.34, 17.60,  , -38.170197, -72.309788, 1.5
22:12:36, 2682, 2349, 73234, 3.40, 78.70, 6.06, 17.80,  ,  ,  , 1.2
22:12:37, 2683, 2350, 73224, 5.25, 78.60, 6.08, 17.80,  , -38.170053, -72.309005, 1.2
22:12:39, 2687, 2354, 73187, 4.70, 61.00, 6.13, 17.80,  ,  ,  , 1.3
22:12:40, 2689, 2356, 73170, 4.95, 87.60, 6.17, 17.80,  , -38.170020, -72.308843, 1.3
22:12:42, 2691, 2358, 73151, 5.85, 71.60, 6.21, 17.80,  ,  ,  , 1.3
22:12:43, 2692, 2359, 73142, 4.00, 87.50, 6.22, 17.75, 20.00, -38.169990, -72.308680, 1.3
22:12:46, 2695, 2362, 73119, 5.85, 81.70, 6.23, 17.65,  ,  ,  , 1.3
22:12:47, 2696, 2363, 73108, 4.05, 66.50, 6.17, 17.60,  , -38.169953, -72.308512, 1.3
22:12:48, 2698, 2365, 73086, 4.70, 88.20, 6.17, 17.55,  ,  ,  , 1.4
22:12:49, 2700, 2367, 73076, 5.60, 63.10, 6.14, 17.50,  , -38.169915, -72.308343, 1.4
22:12:52, 2702, 2369, 73056, 6.40, 78.30, 6.07, 17.45,  , -38.169878, -72.308173, 1.1
22:12:54, 2705, 2372, 73033, 5.50, 64.70, 6.06, 17.40,  ,  ,  , 1.1
22:12:55, 2706, 2373, 73022, 4.90, 87.30, 6.04, 17.40,  , -38.169843, -72.308005, 1.1
22:12:56, 2707, 2374, 73010, 4.50, 72.10, 6.03, 17.40,  ,  ,  , 1.1
22:12:57, 2708, 2375, 72999, 6.05, 76.00, 5.97, 17.40,  ,  ,  , 1.1
22:12:58, 2710, 2377, 72988, 3.85, 77.80, 5.94, 17.40,  , -38.169813, -72.307842, 1.1
22:12:59, 2710, 2377, 72981, 5.75, 69.30, 5.89, 17.40,  ,  ,  , 1.1
22:13:00, 2711, 2378, 72975, 5.25, 84.00, 5.82, 17.35,  ,  ,  , 1.0
22:13:01, 2712, 2379, 72970, 4.70, 60.50, 5.82, 17.35,  , -38.169778, -72.307678, 1.0
22:13:02, 2713, 2380, 72953, 5.90, 77.30, 5.81, 17.35,  ,  ,  , 1.1
22:13:03, 2715, 2382, 72936, 3.65, 79.60, 5.77, 17.35,  ,  ,  , 1.1
22:13:04, 2717, 2384, 72920, 5.50, 71.70, 5.77, 17.25,  , -38.169742, -72.307522, 1.3
22:13:05, 2719, 2386, 72907, 5.20, 84.50, 5.85, 17.35,  ,  ,  , 1.3
22:13:06, 2720, 2387, 72893, 4.30, 58.50, 5.84, 17.35,  ,  ,  , 1.3
22:13:07, 2722, 2389, 72880, 5.95, 83.30, 5.90, 17.30,  , -38.169703, -72.307357, 1.3
22:13:11, 2727, 2394, 72837, 5.00, 64.40, 5.86, 17.20,  ,  ,  , 1.3
22:13:12, 2728, 2395, 72826, 5.25, 76.30, 5.86, 17.15,  ,  ,  , 1.3
22:13:13, 2729, 2396, 72816, 3.70, 80.70, 5.89, 17.15,  , -38.169638, -72.307028, 1.4
22:13:14, 2730, 2397, 72805, 5.95, 73.60, 5.88, 17.10,  ,  ,  , 1.4
22:13:15, 2731, 2398, 72795, 4.20, 76.80, 5.90, 17.05,  ,  ,  , 1.3
22:13:16, 2732, 2399, 72786, 4.50, 72.30, 5.91, 17.00,  , -38.169605, -72.306872, 1.3
22:13:17, 2733, 2400, 72775, 5.20, 87.90, 5.90, 17.00,  ,  ,  , 1.2
22:13:18, 2735, 2402, 72764, 4.40, 66.70, 5.91, 17.00,  ,  ,  , 1.2
22:13:19, 2736, 2403, 72754, 5.05, 77.50, 5.88, 16.95,  , -38.169578, -72.306713, 1.2
22:13:20, 2737, 2404, 72743, 3.70, 84.40, 5.87, 16.95,  ,  ,  , 1.2
22:13:21, 2738, 2405, 72731, 5.20, 64.70, 5.84, 16.90,  ,  ,  , 1.2
22:13:22, 2740, 2407, 72720, 4.30, 90.80, 5.78, 16.85,  , -38.169553, -72.306568, 1.2
22:13:23, 2741, 2408, 72711, 4.10, 76.30, 5.75, 16.85,  ,  ,  , 1.2
22:13:24, 2742, 2409, 72703, 5.50, 79.40, 5.67, 16.85,  ,  ,  , 1.2
22:13:25, 2742, 2409, 72696, 3.15, 81.80, 5.66, 16.85,  , -38.169535, -72.306422, 1.1
22:13:26, 2744, 2411, 72685,  ,  , 5.58, 16.85,  ,  ,  , 1.1
22:13:27, 2745, 2412, 72674,  ,  , 5.54, 16.90,  ,  ,  , 1.1
22:13:28, 2746, 2413, 72664,  ,  , 5.53, 16.90,  ,  ,  , 1.2
22:13:29, 2748, 2415, 72650, 4.75, 90.40, 5.49, 16.90,  ,  ,  , 1.2
22:13:30, 2749, 2416, 72638, 4.05, 79.60, 5.49, 16.90,  ,  ,  , 1.2
22:13:31, 2750, 2417, 72626, 5.00, 75.00, 5.49, 16.95,  , -38.169497, -72.306132, 1.2
22:13:32, 2751, 2418, 72616, 3.20, 95.90, 5.49, 17.00,  ,  ,  , 1.2
22:13:33, 2753, 2420, 72606, 4.90, 77.40, 5.53, 17.00,  ,  ,  , 1.2
22:13:34, 2754, 2421, 72596, 4.30, 86.60, 5.54, 17.05,  , -38.169482, -72.305992, 1.2
22:13:36, 2758, 2425, 72562, 5.25, 89.40, 5.63, 17.05,  ,  ,  , 1.3
22:13:37, 2759, 2426, 72546, 3.55, 80.50, 5.64, 17.10, 19.50, -38.169465, -72.305852, 1.4
22:13:38, 2761, 2428, 72533, 4.45, 70.40, 5.69, 17.10,  ,  ,  , 1.4
22:13:39, 2762, 2429, 72521, 4.20, 99.10, 5.75, 17.10,  ,  ,  , 1.4
22:13:40, 2764, 2431, 72510, 4.10, 69.40, 5.76, 17.10,  , -38.169442, -72.305715, 1.5
22:13:41, 2765, 2432, 72498, 4.70, 84.90, 5.81, 17.15,  ,  ,  , 1.4
22:13:42, 2766, 2433, 72487, 3.05, 98.40, 5.77, 17.15,  ,  ,  , 1.4
22:13:43, 2767, 2434, 72476, 4.95, 73.20, 5.76, 17.10,  , -38.169425, -72.305575, 1.4
22:13:45, 2769, 2436, 72461, 3.70, 94.90, 5.76, 17.10,  ,  ,  , 1.5
22:13:46, 2771, 2438, 72447, 2.70, 78.90, 5.76, 17.10,  ,  ,  , 1.5
22:13:47, 2772, 2439, 72434, 4.30, 89.10, 5.74, 17.10,  , -38.169418, -72.305448, 1.5
22:13:47, 2773, 2440, 72425, 2.75, 85.60, 5.76, 17.10,  ,  ,  , 1.5
22:13:48, 2774, 2441, 72415, 4.45, 76.00, 5.72, 17.10,  ,  ,  , 1.4
22:13:49, 2775, 2442, 72406, 3.40, 96.30, 5.73, 17.10,  , -38.169408, -72.305327, 1.3
22:13:51, 2778, 2445, 72381, 4.45, 96.10, 5.70, 17.10,  ,  ,  , 1.3
22:13:52, 2779, 2446, 72370, 3.25, 81.70, 5.70, 17.10,  , -38.169407, -72.305210, 1.3
22:13:53, 2780, 2447, 72362, 3.95, 77.70, 5.67, 17.10,  ,  ,  , 1.3
22:13:54, 2781, 2448, 72355, 2.95, 109.30, 5.63, 17.10,  ,  ,  , 1.2
22:13:55, 2782, 2449, 72348, 4.15, 78.10, 5.62, 17.10,  , -38.169402, -72.305095, 1.2
22:13:56, 2784, 2451, 72329, 3.75, 93.10, 5.58, 17.10,  ,  ,  , 1.3
22:13:57, 2786, 2453, 72311, 2.45, 95.60, 5.56, 17.10,  ,  ,  , 1.3
22:13:58, 2788, 2455, 72294, 4.70, 89.60, 5.62, 17.10,  , -38.169398, -72.304975, 1.3
22:13:59, 2789, 2456, 72282, 2.55, 85.40, 5.63, 17.15,  ,  ,  , 1.4
22:14:00, 2791, 2458, 72270, 3.25, 85.60, 5.62, 17.15,  ,  ,  , 1.4
22:14:01, 2792, 2459, 72258, 4.20, 102.90, 5.68, 17.15,  , -38.169395, -72.304858, 1.4
22:14:02, 2793, 2460, 72246, 3.25, 69.70, 5.66, 17.15,  ,  ,  , 1.4
22:14:03, 2795, 2462, 72235, 3.60, 94.00, 5.67, 17.15,  ,  ,  , 1.4
22:14:04, 2796, 2463, 72224, 2.75, 97.70, 5.66, 17.15, 19.50, -38.169392, -72.304742, 1.4
22:14:05, 2797, 2464, 72213, 4.30, 76.10, 5.64, 17.15,  ,  ,  , 1.4
22:14:06, 2798, 2465, 72202, 3.70, 101.40, 5.67, 17.15,  ,  ,  , 1.4
22:14:07, 2800, 2467, 72192, 3.05, 68.70, 5.63, 17.15,  , -38.169385, -72.304618, 1.4
22:14:08, 2801, 2468, 72182, 4.30, 87.20, 5.59, 17.15,  ,  ,  , 1.4
22:14:09, 2802, 2469, 72173, 2.30, 98.40, 5.63, 17.15,  ,  ,  , 1.4
22:14:10, 2803, 2470, 72164, 4.00, 79.40, 5.61, 17.15,  , -38.169378, -72.304503, 1.3
22:14:11, 2804, 2471, 72153, 4.05, 98.50, 5.56, 17.15,  ,  ,  , 1.2
22:14:12, 2805, 2472, 72143, 2.65, 68.70, 5.56, 17.15,  ,  ,  , 1.2
22:14:13, 2806, 2473, 72134, 4.10, 94.90, 5.50, 17.15,  , -38.169375, -72.304385, 1.2
22:14:14, 2807, 2474, 72125, 3.20, 92.00, 5.48, 17.20,  ,  ,  , 1.1
22:14:15, 2808, 2475, 72116, 4.15, 72.50, 5.45, 17.20,  ,  ,  , 1.1
22:14:16, 2809, 2476, 72108, 3.30, 109.20, 5.41, 17.20,  , -38.169373, -72.304265, 1.1
22:14:17, 2810, 2477, 72098, 3.65, 78.10, 5.41, 17.25,  ,  ,  , 1.1
22:14:18, 2811, 2478, 72089, 4.40, 87.20, 5.41, 17.25,  ,  ,  , 1.1
22:14:19, 2812, 2479, 72080, 2.00, 81.80, 5.41, 17.30,  , -38.169367, -72.304145, 1.0
22:14:21, 2817, 2484, 72041, 3.40, 94.20, 5.41, 17.35,  ,  ,  , 1.2
22:14:22, 2819, 2486, 72022, 3.40, 65.50, 5.43, 17.40,  , -38.169353, -72.304028, 1.3
22:14:23, 2820, 2487, 72008, 3.85, 102.20, 5.49, 17.40,  ,  ,  , 1.3
22:14:24, 2822, 2489, 71995, 3.15, 74.90, 5.49, 17.45,  ,  ,  , 1.4
22:14:25, 2823, 2490, 71982, 4.45, 84.30, 5.50, 17.45,  , -38.169342, -72.303907, 1.4
22:14:26, 2825, 2492, 71971, 2.70, 99.90, 5.49, 17.45,  ,  ,  , 1.4
22:14:27, 2826, 2493, 71960, 4.25, 72.60, 5.47, 17.50,  ,  ,  , 1.4
22:14:28, 2827, 2494, 71950, 3.80, 93.90, 5.49, 17.55,  , -38.169333, -72.303780, 1.5
22:14:29, 2828, 2495, 71937, 2.60, 63.00, 5.41, 17.55,  ,  ,  , 1.5
22:14:30, 2830, 2497, 71924, 4.30, 89.80, 5.41, 17.60,  ,  ,  , 1.5
22:14:31, 2831, 2498, 71912, 2.95, 92.40, 5.43, 17.60, 19.25, -38.169323, -72.303663, 1.6
22:14:32, 2832, 2499, 71909, 4.40, 70.00, 5.38, 17.60,  ,  ,  , 1.5
22:14:33, 2832, 2499, 71906, 3.60, 94.50, 5.35, 17.65,  ,  ,  , 1.3
22:14:34, 2832, 2499, 71904, 3.05, 70.40, 5.38, 17.70,  , -38.169310, -72.303543, 1.1
22:14:36, 2837, 2504, 71863, 3.10, 91.30, 5.32, 17.75,  ,  ,  , 1.3
22:14:37, 2839, 2506, 71842, 4.45, 73.40, 5.37, 17.75,  , -38.169302, -72.303415, 1.4
22:14:38, 2841, 2508, 71831, 3.35, 97.10, 5.40, 17.75,  ,  ,  , 1.3
22:14:39, 2842, 2509, 71821, 3.20, 70.10, 5.35, 17.80,  ,  ,  , 1.3
22:14:40, 2843, 2510, 71812, 4.20, 83.00, 5.32, 17.80,  , -38.169290, -72.303293, 1.3
22:14:41, 2844, 2511, 71801, 2.40, 99.40, 5.33, 17.85,  ,  ,  , 1.3
22:14:42, 2845, 2512, 71791, 4.35, 76.50, 5.28, 17.90,  ,  ,  , 1.3
22:14:43, 2846, 2513, 71782, 3.70, 94.50, 5.28, 17.90,  , -38.169287, -72.303175, 1.2
22:14:44, 2847, 2514, 71775, 2.35, 82.30, 5.26, 17.95,  ,  ,  , 1.2
22:14:45, 2848, 2515, 71768, 4.80, 87.90, 5.16, 17.95,  ,  ,  , 1.2
22:14:46, 2849, 2516, 71762, 2.95, 87.40, 5.12, 18.00,  , -38.169285, -72.303057, 1.3
22:14:47, 2850, 2517, 71745, 4.05, 69.70, 5.11, 18.05,  ,  ,  , 1.4
22:14:48, 2852, 2519, 71729, 3.85, 100.40, 5.05, 18.05,  ,  ,  , 1.3
22:14:49, 2854, 2521, 71714, 2.55, 67.00, 5.04, 18.10,  , -38.169273, -72.302942, 1.2
22:14:51, 2858, 2525, 71679, 3.20, 85.10, 5.09, 18.15,  ,  ,  , 1.4
22:14:52, 2860, 2527, 71662, 4.20, 67.80, 5.12, 18.20,  , -38.169258, -72.302815, 1.4
22:15:03, 2874, 2541, 71537, 2.70, 93.60, 5.01, 18.50,  ,  ,  , 1.4
22:15:04, 2876, 2543, 71526, 3.75, 74.00, 5.01, 18.50,  , -38.169215, -72.302340, 1.3
22:15:06, 2878, 2545, 71502, 3.25, 70.00, 5.01, 18.55,  ,  ,  , 1.3
22:15:07, 2880, 2547, 71490, 4.00, 87.50, 5.03, 18.60,  , -38.169203, -72.302218, 1.3
22:15:08, 2881, 2548, 71477,  ,  , 5.01, 18.65,  ,  ,  , 1.3
22:15:09, 2883, 2550, 71464,  ,  , 5.03, 18.70,  ,  ,  , 1.3
22:15:10, 2884, 2551, 71452,  ,  , 5.07, 18.75,  ,  ,  , 1.3
22:15:12, 2886, 2553, 71436, 4.20, 96.20, 5.03, 18.80,  ,  ,  , 1.3
22:15:13, 2887, 2554, 71428, 3.05, 85.30, 5.01, 18.90,  , -38.169188, -72.301972, 1.3
22:15:15, 2890, 2557, 71397, 2.80, 95.90, 5.01, 19.00,  ,  ,  , 1.3
22:15:16, 2892, 2559, 71382, 3.70, 78.50, 4.99, 19.10,  , -38.169180, -72.301847, 1.4
22:15:18, 2894, 2561, 71366, 3.05, 66.90, 4.97, 19.20,  ,  ,  , 1.3
22:15:19, 2895, 2562, 71358, 4.05, 91.50, 4.95, 19.25,  , -38.169168, -72.301720, 1.3
22:15:21, 2898, 2565, 71332, 4.10, 69.00, 4.90, 19.30,  ,  ,  , 1.3
22:15:22, 2899, 2566, 71320, 3.55, 103.20, 4.88, 19.35,  , -38.169160, -72.301595, 1.3
22:15:23, 2900, 2567, 71307, 3.60, 79.40, 4.85, 19.35,  ,  ,  , 1.3
22:15:24, 2902, 2569, 71295, 4.65, 85.10, 4.95, 19.40,  ,  ,  , 1.3
22:15:25, 2903, 2570, 71284, 2.65, 86.70, 4.88, 19.40, 19.50, -38.169152, -72.301467, 1.4
22:15:26, 2904, 2571, 71274, 4.65, 85.50, 4.87, 19.45,  ,  ,  , 1.4
22:15:27, 2906, 2573, 71264, 3.75, 89.20, 4.88, 19.45,  ,  ,  , 1.3
22:15:28, 2907, 2574, 71254, 3.35, 69.90, 4.83, 19.45,  , -38.169142, -72.301338, 1.3
22:15:29, 2907, 2574, 71247, 4.55, 98.70, 4.84, 19.45,  ,  ,  , 1.2
22:15:30, 2908, 2575, 71241, 3.50, 75.00, 4.82, 19.45,  ,  ,  , 1.2
22:15:31, 2909, 2576, 71236, 4.40, 80.30, 4.82, 19.45,  , -38.169128, -72.301205, 1.2
22:15:32, 2910, 2577, 71225, 3.40, 104.30, 4.75, 19.45,  ,  ,  , 1.2
22:15:33, 2911, 2578, 71214, 5.00, 78.80, 4.75, 19.50,  ,  ,  , 1.2
22:15:34, 2912, 2579, 71204, 4.35, 93.40, 4.74, 19.50,  , -38.169127, -72.301063, 1.1
22:15:35, 2914, 2581, 71190, 2.90, 73.90, 4.76, 19.50,  ,  ,  , 1.1
22:15:36, 2915, 2582, 71177, 4.95, 87.10, 4.72, 19.50,  ,  ,  , 1.2
22:15:37, 2917, 2584, 71164, 3.15, 93.80, 4.71, 19.50,  , -38.169120, -72.300935, 1.2
22:15:38, 2919, 2586, 71150, 4.40, 71.80, 4.70, 19.45,  ,  ,  , 1.2
22:15:39, 2920, 2587, 71137, 4.50, 99.40, 4.65, 19.50,  ,  ,  , 1.2
22:15:40, 2922, 2589, 71124, 3.85, 67.90, 4.63, 19.50,  , -38.169110, -72.300800, 1.2
22:15:41, 2923, 2590, 71112, 4.80, 83.40, 4.57, 19.55,  ,  ,  , 1.2
22:15:42, 2924, 2591, 71101, 3.00, 90.40, 4.55, 19.55,  ,  ,  , 1.3
22:15:43, 2926, 2593, 71090, 4.65, 76.20, 4.50, 19.55,  , -38.169097, -72.300665, 1.3
22:15:44, 2927, 2594, 71079, 4.15, 100.00, 4.46, 19.55,  ,  ,  , 1.4
22:15:45, 2928, 2595, 71068, 4.15, 77.50, 4.41, 19.55,  ,  ,  , 1.4
22:15:46, 2929, 2596, 71058, 5.10, 86.70, 4.37, 19.60,  , -38.169092, -72.300517, 1.4
22:15:47, 2930, 2597, 71047, 2.95, 86.00, 4.39, 19.60,  ,  ,  , 1.4
22:15:48, 2931, 2598, 71037, 5.25, 79.60, 4.36, 19.65,  ,  ,  , 1.3
22:15:49, 2933, 2600, 71028, 4.20, 93.30, 4.37, 19.70,  , -38.169082, -72.300370, 1.3
22:15:51, 2935, 2602, 71006, 4.65, 96.90, 4.37, 19.75,  ,  ,  , 1.3
22:15:52, 2936, 2603, 70996, 3.75, 79.30, 4.39, 19.75, 19.00, -38.169075, -72.300228, 1.3
22:15:53, 2938, 2605, 70983, 5.20, 82.60, 4.36, 19.75,  ,  ,  , 1.2
22:15:54, 2939, 2606, 70971, 3.50, 89.00, 4.38, 19.75,  ,  ,  , 1.2
22:15:55, 2940, 2607, 70960, 5.00, 78.30, 4.36, 19.75,  , -38.169063, -72.300078, 1.2
22:15:56, 2941, 2608, 70954, 4.65, 96.30, 4.34, 19.80,  ,  ,  , 1.2
22:15:57, 2942, 2609, 70949, 4.35, 70.60, 4.33, 19.80,  ,  ,  , 1.1
22:15:58, 2942, 2609, 70944, 5.15, 89.60, 4.29, 19.80,  , -38.169052, -72.299923, 1.1
22:15:59, 2943, 2610, 70936, 3.20, 91.50, 4.28, 19.80,  ,  ,  , 1.1
22:16:00, 2944, 2611, 70929, 5.05, 81.70, 4.26, 19.75,  ,  ,  , 1.1
22:16:01, 2945, 2612, 70922, 4.60, 100.50, 4.21, 19.75,  , -38.169050, -72.299777, 1.0
22:16:02, 2946, 2613, 70912, 4.55, 72.50, 4.22, 19.75,  ,  ,  , 1.0
22:16:03, 2947, 2614, 70903, 5.30, 89.20, 4.22, 19.75,  ,  ,  , 1.0
22:16:04, 2948, 2615, 70894, 3.20, 87.10, 4.24, 19.70,  , -38.169038, -72.299625, 1.0
22:16:06, 2952, 2619, 70856, 4.55, 95.00, 4.27, 19.65,  ,  ,  , 1.1
22:16:07, 2955, 2622, 70838, 4.40, 70.70, 4.30, 19.60,  , -38.169027, -72.299472, 1.2
22:16:09, 2957, 2624, 70812, 4.10, 77.60, 4.39, 19.55,  ,  ,  , 1.3
22:16:10, 2959, 2626, 70800, 5.30, 77.00, 4.42, 19.55,  , -38.169010, -72.299313, 1.4
22:16:11, 2960, 2627, 70791, 3.85, 100.20, 4.43, 19.45,  ,  ,  , 1.4
22:16:12, 2961, 2628, 70782, 5.10, 75.10, 4.41, 19.45,  ,  ,  , 1.4
22:16:13, 2962, 2629, 70774, 4.85, 87.80, 4.43, 19.35,  , -38.168998, -72.299153, 1.4
22:16:14, 2963, 2630, 70762, 3.70, 80.60, 4.44, 19.30,  ,  ,  , 1.4
22:16:15, 2965, 2632, 70751, 5.45, 90.40, 4.45, 19.25,  ,  ,  , 1.5
22:16:16, 2966, 2633, 70740, 4.00, 82.40, 4.46, 19.20,  , -38.168990, -72.298997, 1.5
22:16:17, 2967, 2634, 70727, 4.65, 77.00, 4.44, 19.15,  ,  ,  , 1.5
22:16:18, 2969, 2636, 70714, 4.35, 100.00, 4.49, 19.15,  ,  ,  , 1.4
22:16:19, 2970, 2637, 70702, 5.00, 75.20, 4.46, 19.10, 18.50, -38.168977, -72.298843, 1.3
22:16:20, 2971, 2638, 70691, 5.05, 86.10, 4.51, 19.05,  ,  ,  , 1.3
22:16:21, 2973, 2640, 70680, 3.75, 81.00, 4.48, 19.00,  ,  ,  , 1.3
22:16:22, 2974, 2641, 70670, 5.75, 82.40, 4.49, 19.00,  , -38.168958, -72.298680, 1.3
22:16:23, 2975, 2642, 70656, 4.20, 87.70, 4.48, 18.90,  ,  ,  , 1.3
22:16:24, 2977, 2644, 70643, 4.45, 73.10, 4.42, 18.90,  ,  ,  , 1.3
22:16:25, 2979, 2646, 70630, 5.15, 99.40, 4.43, 18.85,  , -38.168945, -72.298520, 1.4
22:16:26, 2979, 2646, 70621, 4.60, 77.00, 4.39, 18.85,  ,  ,  , 1.3
22:16:27, 2980, 2647, 70613, 5.30, 83.80, 4.41, 18.85,  ,  ,  , 1.3
22:16:28, 2981, 2648, 70606, 3.70, 91.40, 4.36, 18.75,  , -38.168933, -72.298362, 1.3
22:16:29, 2982, 2649, 70597, 5.85, 81.40, 4.31, 18.60,  ,  ,  , 1.3
22:16:30, 2983, 2650, 70588, 4.70, 89.50, 4.37, 18.60,  ,  ,  , 1.2
22:16:31, 2984, 2651, 70580, 4.70, 73.60, 4.37, 18.45,  , -38.168917, -72.298195, 1.2
22:16:32, 2986, 2653, 70566, 6.05, 91.60, 4.35, 18.30,  ,  ,  , 1.2
22:16:33, 2987, 2654, 70553, 4.15, 83.00, 4.34, 18.15,  ,  ,  , 1.2
22:16:34, 2989, 2656, 70540, 6.25, 72.20, 4.37, 18.00,  , -38.168895, -72.298022, 1.3
22:16:35, 2990, 2657, 70528, 4.70, 96.10, 4.35, 17.90,  ,  ,  , 1.3
22:16:36, 2992, 2659, 70517, 5.05, 77.90, 4.38, 17.80,  ,  ,  , 1.2
22:16:37, 2993, 2660, 70506, 6.30, 90.10, 4.36, 17.70,  , -38.168882, -72.297845, 1.2
22:16:38, 2995, 2662, 70487, 4.00, 81.50, 4.35, 17.55,  ,  ,  , 1.3
22:16:39, 2997, 2664, 70468, 5.45, 78.30, 4.39, 17.45,  ,  ,  , 1.4
22:16:40, 2999, 2666, 70450, 4.95, 100.10, 4.41, 17.40,  , -38.168868, -72.297677, 1.5
22:16:41, 3001, 2668, 70439, 5.50, 74.70, 4.39, 17.30,  ,  ,  , 1.5
22:16:42, 3002, 2669, 70429, 5.55, 86.00, 4.40, 17.25,  ,  ,  , 1.5
22:16:43, 3003, 2670, 70420, 4.20, 85.30, 4.38, 17.15,  , -38.168853, -72.297502, 1.5
22:16:44, 3004, 2671, 70405, 6.75, 82.40, 4.39, 17.05,  ,  ,  , 1.5
22:16:45, 3006, 2673, 70391, 4.40, 85.70, 4.35, 17.00,  ,  ,  , 1.6
22:16:46, 3008, 2675, 70378, 5.40, 79.60, 4.31, 16.90, 18.75, -38.168838, -72.297317, 1.6
22:16:47, 3009, 2676, 70366, 6.20, 88.00, 4.31, 16.85,  ,  ,  , 1.6
22:16:48, 3010, 2677, 70355, 4.75, 66.40, 4.25, 16.80,  ,  ,  , 1.6
22:16:49, 3012, 2679, 70344, 5.75, 87.80, 4.22, 16.70,  , -38.168812, -72.297132, 1.6
22:16:56, 3023, 2690, 70249, 6.45, 71.00, 4.13, 16.50,  ,  ,  , 1.5
22:16:57, 3024, 2691, 70235, 5.00, 88.30, 4.13, 16.50,  ,  ,  , 1.5
22:16:58, 3026, 2693, 70222, 5.00, 77.70, 4.09, 16.45,  , -38.168730, -72.296578, 1.5
22:17:06, 3037, 2704, 70129, 6.05, 70.00, 3.94, 16.40,  ,  ,  , 1.5
22:17:07, 3038, 2705, 70118, 6.45, 90.00, 3.96, 16.40,  , -38.168643, -72.296005, 1.5
22:17:08, 3039, 2706, 70109, 4.95, 64.00, 3.96, 16.40,  ,  ,  , 1.3
22:17:09, 3040, 2707, 70101, 6.25, 82.50, 3.89, 16.40,  ,  ,  , 1.3
22:17:10, 3041, 2708, 70094, 5.75, 80.50, 3.87, 16.40,  , -38.168612, -72.295815, 1.2
22:17:11, 3042, 2709, 70082, 6.20, 65.90, 3.87, 16.40,  ,  ,  , 1.2
22:17:12, 3043, 2710, 70071, 5.45, 90.30, 3.87, 16.40,  ,  ,  , 1.2
22:17:13, 3045, 2712, 70060, 6.05, 70.10, 3.87, 16.40, 18.50, -38.168578, -72.295628, 1.2
22:17:14, 3046, 2713, 70048, 7.15, 79.80, 3.86, 16.40,  ,  ,  , 1.3
22:17:15, 3047, 2714, 70037, 5.15, 82.60, 3.86, 16.35,  ,  ,  , 1.3
22:17:16, 3049, 2716, 70026, 7.05, 66.70, 3.86, 16.30,  , -38.168538, -72.295422, 1.3
22:17:17, 3050, 2717, 70014, 5.90, 88.00, 3.86, 16.25,  ,  ,  , 1.3
22:17:18, 3051, 2718, 70002, 5.90, 73.30, 3.86, 16.25,  ,  ,  , 1.2
22:17:19, 3053, 2720, 69990, 7.05, 75.00, 3.86, 16.15,  , -38.168502, -72.295215, 1.2
22:17:20, 3054, 2721, 69979, 4.90, 85.80, 3.86, 16.10,  ,  ,  , 1.3
22:17:21, 3055, 2722, 69968, 7.25, 72.40, 3.80, 16.05,  ,  ,  , 1.3
22:17:22, 3056, 2723, 69958, 6.50, 83.40, 3.75, 15.95,  , -38.168470, -72.295007, 1.3
22:17:23, 3057, 2724, 69949, 5.70, 71.00, 3.76, 15.85,  ,  ,  , 1.3
22:17:24, 3058, 2725, 69940, 7.75, 79.70, 3.67, 15.75,  ,  ,  , 1.3
22:17:25, 3060, 2727, 69932, 5.30, 75.10, 3.67, 15.70,  , -38.168435, -72.294788, 1.2
22:17:26, 3061, 2728, 69920, 6.80, 73.50, 3.66, 15.65,  ,  ,  , 1.3
22:17:27, 3062, 2729, 69908, 6.90, 86.10, 3.62, 15.55,  ,  ,  , 1.3
22:17:28, 3064, 2731, 69896, 5.95, 65.70, 3.62, 15.50,  , -38.168395, -72.294577, 1.3
22:17:29, 3065, 2732, 69888, 7.00, 82.60, 3.59, 15.45,  ,  ,  , 1.2
22:17:30, 3065, 2732, 69881, 5.90, 82.20, 3.57, 15.40,  ,  ,  , 1.2
22:17:31, 3066, 2733, 69874, 7.35, 71.30, 3.59, 15.35,  , -38.168358, -72.294360, 1.2
22:17:33, 3068, 2735, 69858, 6.20, 70.90, 3.63, 15.25,  ,  ,  , 1.1
22:17:34, 3069, 2736, 69850, 6.75, 86.00, 3.64, 15.20,  , -38.168323, -72.294150, 1.1
22:17:36, 3073, 2740, 69819, 7.40, 78.80, 3.72, 15.15,  ,  ,  , 1.2
22:17:37, 3074, 2741, 69804, 5.95, 85.70, 3.84, 15.15,  , -38.168295, -72.293938, 1.2
22:17:42, 3081, 2748, 69745, 5.30, 84.90, 3.89, 14.95,  ,  ,  , 1.3
22:17:43, 3083, 2750, 69734, 6.50, 73.20, 3.89, 14.90,  , -38.168225, -72.293527, 1.4
22:17:45, 3085, 2752, 69716, 5.75, 70.50, 3.91, 14.85,  ,  ,  , 1.4
22:17:46, 3086, 2753, 69708, 6.75, 81.80, 3.92, 14.80,  , -38.168195, -72.293312, 1.4
22:17:48, 3088, 2755, 69689, 7.05, 75.40, 3.95, 14.75,  ,  ,  , 1.3
22:17:49, 3089, 2756, 69680, 6.05, 86.00, 3.98, 14.70,  , -38.168168, -72.293102, 1.3
22:17:52, 3093, 2760, 69648, 5.80, 79.80, 4.00, 14.65,  , -38.168143, -72.292892, 1.2
22:17:53, 3094, 2761, 69637, 7.30, 75.60, 3.97, 14.65,  ,  ,  , 1.2
22:17:54, 3095, 2762, 69627, 7.30, 75.60, 3.94, 14.65,  ,  ,  , 1.2
22:17:55, 3096, 2763, 69618, 7.05, 74.60, 3.93, 14.65,  , -38.168117, -72.292675, 1.2
22:17:56, 3098, 2765, 69606, 6.75, 85.20, 3.89, 14.65,  ,  ,  , 1.1
22:17:57, 3099, 2766, 69595, 5.20, 78.10, 3.87, 14.65,  ,  ,  , 1.2
22:17:58, 3100, 2767, 69584, 7.60, 86.70, 3.89, 14.65,  , -38.168092, -72.292460, 1.2
22:17:59, 3102, 2769, 69568, 5.95, 83.00, 3.87, 14.70,  ,  ,  , 1.3
22:18:00, 3104, 2771, 69553, 6.45, 74.50, 3.87, 14.70,  ,  ,  , 1.3
22:18:01, 3106, 2773, 69538, 6.50, 95.40, 3.91, 14.70,  , -38.168065, -72.292242, 1.4
22:18:02, 3107, 2774, 69524, 6.15, 74.40, 3.89, 14.75,  ,  ,  , 1.4
22:18:03, 3109, 2776, 69511, 7.45, 84.00, 3.92, 14.80,  ,  ,  , 1.4
22:18:04, 3110, 2777, 69498, 6.15, 90.20, 3.89, 14.80,  , -38.168043, -72.292015, 1.5
22:18:05, 3111, 2778, 69493, 7.15, 71.50, 3.89, 14.85,  ,  ,  , 1.4
22:18:06, 3111, 2778, 69488, 6.95, 89.70, 3.87, 14.85,  ,  ,  , 1.4
22:18:07, 3112, 2779, 69484, 6.20, 83.30, 3.87, 14.95, 18.00, -38.168015, -72.291787, 1.3
22:18:08, 3114, 2781, 69464, 7.40, 75.90, 3.87, 15.05,  ,  ,  , 1.4
22:18:09, 3117, 2784, 69444, 6.15, 94.80, 3.87, 15.20,  ,  ,  , 1.5
22:18:10, 3119, 2786, 69424, 7.20, 73.30, 3.86, 15.30,  , -38.167990, -72.291562, 1.6
22:18:11, 3121, 2788, 69408, 6.90, 83.50, 3.86, 15.45,  ,  ,  , 1.6
22:18:12, 3122, 2789, 69394, 5.65, 88.20, 3.86, 15.55,  ,  ,  , 1.6
22:18:13, 3124, 2791, 69380, 7.95, 81.20, 3.86, 15.70,  , -38.167968, -72.291333, 1.5
22:18:14, 3125, 2792, 69371, 6.00, 84.70, 3.86, 15.80,  ,  ,  , 1.5
22:18:15, 3126, 2793, 69362, 6.40, 80.20, 3.86, 15.95,  ,  ,  , 1.5
22:18:16, 3127, 2794, 69354, 7.65, 90.10, 3.87, 16.05,  , -38.167947, -72.291107, 1.4
22:18:17, 3128, 2795, 69346,  ,  , 3.87, 16.20,  ,  ,  , 1.4
22:18:18, 3129, 2796, 69339,  ,  , 3.87, 16.30,  ,  ,  , 1.5
22:18:19, 3130, 2797, 69332,  ,  , 3.86, 16.45,  ,  ,  , 1.5
22:18:20, 3131, 2798, 69317, 6.85, 72.40, 3.86, 16.55,  ,  ,  , 1.4
22:18:21, 3133, 2800, 69303, 6.85, 90.00, 3.86, 16.65,  ,  ,  , 1.4
22:18:22, 3135, 2802, 69290, 5.85, 83.60, 3.86, 16.75,  , -38.167907, -72.290662, 1.3
22:18:24, 3139, 2806, 69254, 6.20, 95.10, 3.86, 16.95,  ,  ,  , 1.4
22:18:25, 3141, 2808, 69236, 6.95, 76.90, 3.78, 17.00,  , -38.167895, -72.290430, 1.4
22:18:26, 3143, 2810, 69219, 7.35, 85.70, 3.79, 17.00,  ,  ,  , 1.5
22:18:27, 3145, 2812, 69203, 7.35, 85.70, 3.74, 17.05,  ,  ,  , 1.5
22:18:28, 3147, 2814, 69188, 8.35, 77.70, 3.74, 17.00,  , -38.167873, -72.290200, 1.6
22:18:29, 3148, 2815, 69173, 6.15, 83.50, 3.76, 17.05,  ,  ,  , 1.7
22:18:30, 3150, 2817, 69159, 6.45, 79.30, 3.68, 17.05,  ,  ,  , 1.8
22:18:31, 3152, 2819, 69146, 8.30, 83.90, 3.60, 17.00,  , -38.167847, -72.289967, 1.8
22:18:32, 3153, 2820, 69132, 5.75, 74.80, 3.59, 17.00,  ,  ,  , 1.8
22:18:33, 3155, 2822, 69118, 7.30, 80.70, 3.56, 16.95,  ,  ,  , 1.8
22:18:34, 3157, 2824, 69104, 7.45, 87.40, 3.57, 16.90, 18.00, -38.167817, -72.289733, 1.8
22:18:36, 3161, 2828, 69069, 6.05, 70.00, 3.52, 16.85,  ,  ,  , 1.9
22:18:37, 3163, 2830, 69052, 6.35, 71.90, 3.53, 16.80,  , -38.167782, -72.289512, 1.8
22:18:38, 3164, 2831, 69041, 6.55, 73.80, 3.51, 16.80,  ,  ,  , 1.8
22:18:39, 3165, 2832, 69030, 6.55, 73.80, 3.45, 16.75,  ,  ,  , 1.7
22:18:40, 3167, 2834, 69020, 7.10, 67.80, 3.43, 16.75,  , -38.167743, -72.289295, 1.7
22:18:42, 3168, 2835, 69006, 6.30, 81.90, 3.37, 16.70,  ,  ,  , 1.5
22:18:43, 3169, 2836, 69000, 5.45, 94.80, 3.28, 16.70,  , -38.167715, -72.289083, 1.4
22:18:44, 3164, 2831, 69040, 7.65, 68.40, 3.15, 16.70,  ,  ,  , 1.0
22:18:45, 3159, 2826, 69080, 7.65, 68.40, 3.01, 16.70,  ,  ,  , 0.5
22:18:46, 3155, 2822, 69120, 7.35, 73.10, 2.92, 16.70,  , -38.167665, -72.288850, 0
22:18:47, 3146, 2813, 69193,  ,  , 2.87, 16.80,  ,  ,  , -0.8
22:18:48, 3137, 2804, 69267,  ,  , 2.83, 16.90,  ,  ,  , -1.9
22:18:49, 3129, 2796, 69342,  ,  , 2.85, 17.00,  ,  ,  , -2.8
22:18:50, 3120, 2787, 69417,  ,  , 2.88, 17.15,  ,  ,  , -3.3
22:18:51, 3111, 2778, 69494,  ,  , 2.90, 17.25,  ,  ,  , -4.1
22:18:52, 3102, 2769, 69572,  ,  , 2.93, 17.15,  ,  ,  , -4.9
22:18:53, 3074, 2741, 69808, 5.40, 79.20, 2.97, 17.00,  , -38.167635, -72.288353, -7.1
22:18:54, 3068, 2735, 69859, 6.70, 76.80, 3.02, 16.95,  ,  ,  , -8.3
22:18:55, 3062, 2729, 69910, 5.80, 82.30, 3.06, 16.85,  , -38.167613, -72.288215, -8.9
22:18:56, 3056, 2723, 69962, 5.80, 82.30, 3.10, 16.70,  ,  ,  , -9.0
22:18:57, 3050, 2717, 70015, 5.60, 80.50, 3.13, 16.55,  ,  ,  , -9.1
22:18:58, 3044, 2711, 70068, 6.45, 80.90, 3.16, 16.45, 17.50, -38.167583, -72.288008, -9.2
22:19:10, 2955, 2622, 70837,  ,  , 3.79, 16.70,  ,  ,  , -7.4
22:19:11, 2947, 2614, 70901,  ,  , 3.86, 16.90,  ,  ,  , -7.4
22:19:12, 2940, 2607, 70965,  ,  , 3.86, 17.15,  ,  ,  , -7.4
22:19:13, 2932, 2599, 71030,  ,  , 3.87, 17.40,  ,  ,  , -7.4
22:19:15, 2913, 2580, 71199, 3.50, 89.50, 3.89, 17.65,  ,  ,  , -8.1
22:19:16, 2894, 2561, 71360, 3.50, 89.50, 3.97, 17.90,  ,  ,  , -8.7
22:19:17, 2876, 2543, 71522, 3.90, 90.50, 4.05, 18.10,  , -38.167527, -72.287050, -9.3
22:19:18, 2858, 2525, 71676, 3.90, 90.50, 4.20, 18.40,  ,  ,  , -9.3
22:19:19, 2849, 2516, 71756, 4.00, 109.20, 4.28, 18.55,  , -38.167550, -72.286923, -9.3
22:19:59, 2822, 2489, 71994,  ,  , 6.72, 17.50,  ,  ,  , -0.7
22:20:05, 2403, 2070, 75752,  ,  , 6.97, 18.40,  ,  ,  , -9.7
22:20:17, 2298, 1965, 76720,  ,  , 7.73, 19.75,  ,  ,  , -8.7
22:20:23, 2244, 1911, 77218,  ,  , 7.76, 20.60,  ,  ,  , -8.8
22:20:29, 2188, 1855, 77746,  ,  , 7.62, 23.50,  ,  ,  , -8.9
22:20:35, 2135, 1802, 78248,  ,  , 7.79, 25.00,  ,  ,  , -9.1
22:20:41, 2079, 1746, 78772,  ,  , 8.14, 25.75,  ,  ,  , -9.1
22:20:47, 2023, 1690, 79308,  ,  , 8.39, 26.20,  ,  ,  , -9.3
22:20:53, 1970, 1637, 79810,  ,  , 8.85, 26.40,  ,  ,  , -9.1
22:21:05, 1867, 1534, 80808,  ,  , 9.31, 26.40, 15.75,  ,  , -8.6
22:21:11, 1813, 1480, 81334,  ,  , 9.41, 26.45,  ,  ,  , -8.7
22:21:18, 1762, 1429, 81834,  ,  , 9.08, 27.20,  ,  ,  , -8.8
22:21:36, 1609, 1276, 83344,  ,  , 8.88, 35.30,  ,  ,  , -8.4
22:21:42, 1559, 1226, 83850,  ,  , 9.04, 39.15,  ,  ,  , -8.4
22:21:48, 1507, 1174, 84376,  ,  , 8.93, 46.20,  ,  ,  , -8.5
22:22:24, 1205, 872, 87470,  ,  , 10.93, 61.45,  ,  ,  , -8.4
22:22:30, 1151, 818, 88034,  ,  , 11.31, 60.70,  ,  ,  , -8.5
22:22:36, 1099, 766, 88578,  ,  , 11.68, 60.45,  ,  ,  , -8.8
02:29:55, 349, 16, 96712,  ,  , 9.10, 74.40,  ,  ,  , 
02:30:01, 349, 16, 96718,  ,  , 9.07, 74.45,  ,  ,  , 
02:30:07, 348, 15, 96720,  ,  , 9.03, 74.75,  ,  ,  , -0.1
02:30:31, 349, 16, 96714,  ,  , 8.96, 75.00,  ,  ,  , 0
02:30:43, 349, 16, 96714,  ,  , 8.96, 75.10,  ,  ,  , 0
02:31:20, 349, 16, 96718,  ,  , 8.96, 75.20,  ,  ,  , 0
02:31:26, 349, 16, 96714,  ,  , 8.97, 75.15,  ,  ,  , 0
02:31:32, 349, 16, 96716,  ,  , 8.99, 75.25,  ,  ,  , 0
02:33:38, 349, 16, 96712,  ,  , 8.96, 75.50,  ,  ,  , 0
02:33:44, 349, 16, 96718,  ,  , 8.94, 75.30,  ,  ,  , 0
02:34:21, 349, 16, 96718,  ,  , 9.02, 76.00,  ,  ,  , 0
02:34:27, 349, 16, 96718,  ,  , 9.02, 75.90,  ,  ,  , 0
02:34:33, 348, 15, 96720,  ,  , 8.99, 75.85,  ,  ,  , 0
02:34:39, 349, 16, 96718,  ,  , 8.97, 75.85,  ,  ,  , 0
02:34:51, 349, 16, 96716,  ,  , 8.94, 75.80, 10.00,  ,  , 0
02:35:09, 349, 16, 96716,  ,  , 8.90, 75.90,  ,  ,  , 0
02:35:27, 349, 16, 96714,  ,  , 8.87, 75.85,  ,  ,  , 0
02:35:57, 349, 16, 96718,  ,  , 8.92, 75.85,  ,  ,  , 0
02:36:03, 348, 15, 96720,  ,  , 8.93, 75.75,  ,  ,  , 0
02:36:45, 349, 16, 96712,  ,  , 9.02, 76.05,  ,  ,  , 0
02:36:52, 349, 16, 96714,  ,  , 9.02, 76.05,  ,  ,  , 0
02:36:57, 348, 15, 96720,  ,  , 9.01, 75.95,  ,  ,  , -0.1
02:37:10, 349, 16, 96714,  ,  , 8.97, 75.70,  ,  ,  , 0
02:37:28, 349, 16, 96714,  ,  , 8.98, 76.05,  ,  ,  , 0
02:37:34, 349, 16, 96712,  ,  , 8.98, 75.95, 10.25,  ,  , 0
02:37:58, 349, 16, 96712,  ,  , 8.89, 75.55,  ,  ,  , 0
02:38:04, 349, 16, 96714,  ,  , 8.88, 75.80,  ,  ,  , 0
02:38:10, 349, 16, 96714,  ,  , 8.88, 76.20,  ,  ,  , 0
02:38:16, 349, 16, 96714,  ,  , 8.90, 76.50,  ,  ,  , 0
02:38:22, 349, 16, 96714,  ,  , 8.92, 76.50,  ,  ,  , 0
02:38:28, 349, 16, 96714,  ,  , 8.93, 76.55, 10.25,  ,  , 0
02:38:34, 349, 16, 96712,  ,  , 8.96, 76.60,  ,  ,  , 0
02:38:40, 349, 16, 96716,  ,  , 8.97, 76.70,  ,  ,  , 0
02:38:46, 349, 16, 96714,  ,  , 9.02, 76.75,  ,  ,  , 0
02:38:52, 349, 16, 96714,  ,  , 9.04, 76.70,  ,  ,  , 0
02:38:58, 349, 16, 96714,  ,  , 9.05, 76.45,  ,  ,  , 0
02:39:04, 349, 16, 96718,  ,  , 9.05, 76.30,  ,  ,  , 0
02:39:10, 349, 16, 96712,  ,  , 9.04, 76.10,  ,  ,  , 0
02:39:16, 349, 16, 96718,  ,  , 9.02, 76.00,  ,  ,  , 0
02:39:22, 349, 16, 96718,  ,  , 8.99, 75.80, 10.25,  ,  , 0
02:39:28, 349, 16, 96712,  ,  , 8.97, 75.70,  ,  ,  , 0
02:39:34, 349, 16, 96718,  ,  , 8.94, 75.65,  ,  ,  , 0
02:39:40, 349, 16, 96718,  ,  , 8.90, 75.60,  ,  ,  , 0
02:39:52, 349, 16, 96714,  ,  , 8.90, 76.10,  ,  ,  , 0
02:39:59, 349, 16, 96712,  ,  , 8.94, 76.35,  ,  ,  , 0
02:40:05, 349, 16, 96714,  ,  , 8.98, 76.55,  ,  ,  , 0
02:40:11, 349, 16, 96714,  ,  , 9.01, 76.65,  ,  ,  , 0
02:40:17, 349, 16, 96714,  ,  , 9.02, 76.65, 10.25,  ,  , 0
02:40:23, 349, 16, 96718,  ,  , 9.02, 76.70,  ,  ,  , 0
02:40:29, 349, 16, 96716,  ,  , 9.03, 76.75,  ,  ,  , 0
02:40:35, 349, 16, 96718,  ,  , 9.04, 76.75,  ,  ,  , 0
02:40:41, 349, 16, 96714,  ,  , 9.05, 76.75,  ,  ,  , 0
02:40:47, 349, 16, 96718,  ,  , 9.07, 76.75,  ,  ,  , 0
02:40:53, 349, 16, 96716,  ,  , 9.07, 76.65,  ,  ,  , 0
02:40:59, 349, 16, 96718,  ,  , 9.07, 76.65,  ,  ,  , 0
02:41:05, 349, 16, 96718,  ,  , 9.07, 76.55,  ,  ,  , 0
02:41:11, 349, 16, 96714,  ,  , 9.07, 76.50, 10.25,  ,  , 0
02:41:17, 349, 16, 96718,  ,  , 9.07, 76.40,  ,  ,  , 0
02:41:23, 349, 16, 96714,  ,  , 9.07, 76.50,  ,  ,  , 0
02:41:29, 349, 16, 96718,  ,  , 9.09, 76.60,  ,  ,  , 0
02:41:41, 349, 16, 96716,  ,  , 9.13, 76.65,  ,  ,  , 0
02:41:47, 349, 16, 96716,  ,  , 9.14, 76.65,  ,  ,  , 0
02:41:53, 349, 16, 96714,  ,  , 9.14, 76.60,  ,  ,  , 0
02:41:59, 349, 16, 96712,  ,  , 9.14, 76.60,  ,  ,  , 0
02:42:05, 349, 16, 96716,  ,  , 9.15, 76.60, 10.25,  ,  , 0
02:42:17, 349, 16, 96716,  ,  , 9.13, 76.55,  ,  ,  , 0
02:42:29, 349, 16, 96718,  ,  , 9.07, 76.25,  ,  ,  , 0
02:42:41, 349, 16, 96716,  ,  , 9.02, 76.10,  ,  ,  , 0
02:42:47, 349, 16, 96714,  ,  , 8.98, 76.05,  ,  ,  , 0
02:42:54, 349, 16, 96712,  ,  , 8.96, 76.05,  ,  ,  , 0
